"ID","Player","Team","Position","RkOv","Status","Opponent","Score","Ros","+/-","GP","G","A","SOT","TkW","DPt2","AP","CoSF","AER","CSD"
"*051k8*","Conor Gallagher","CRY","M","45","MOV","MUN 0<br/>@CRY 1 F","100","-","-","1","2","0","3","3","0","45","1","1","0"
"*04s8k*","Jorginho","CHE","M","93","NIM","WAT 1<br/>@CHE 2 F","96.29","-","-","1","2","0","2","1","0","46","4","1","0"
"*04yo7*","Youri Tielemans","LEI","M","40","BAR","SOU 1<br/>@LEI 4 F","95.81","-","-","1","2","0","2","3","0","50","0","1","0"
"*0414o*","James Maddison","LEI","M,F","16","KLI","SOU 1<br/>@LEI 4 F","87.28","-","-","1","1","1","1","1","0","23","7","0","0"
"*045yy*","Arthur Masuaku","WHU","D,M","307","FA","WHU 1<br/>@BHA 3 F","84.94","-","-","1","0","0","0","2","0","46","6","3","1"
"*0435s*","Joel Matip","LIV","D","21","FUG","WOL 1<br/>@LIV 3 F","83.67","-","-","1","0","0","1","0","0","56","0","6","1"
"*05u4m*","Patson Daka","LEI","F","249","FA","SOU 1<br/>@LEI 4 F","82.69","-","-","1","1","1","1","1","0","8","2","3","0"
"*05tre*","Vitaly Janelt","BRF","M","137","FA","LEE 2<br/>@BRF 1 F","82.64","-","-","1","0","0","1","1","1","63","6","6","0"
"*0570n*","Joao Cancelo","MCI","D,M","8","RED","AVL 2<br/>@MCI 3 F","82.55","-","-","1","0","0","1","3","1","102","3","1","1"
"*05w9r*","Takehiro Tomiyasu","ARS","D","197","ADB","EVE 1<br/>@ARS 5 F","82.26","-","-","1","0","0","1","0","0","52","1","5","1"
"*05w7s*","Cristiano Ronaldo","MUN","F","25","RED","MUN 0<br/>@CRY 1 F","81.84","-","-","1","1","0","2","1","0","29","2","2","0"
"*02lkp*","Raheem Sterling","MCI","M,F","23","PMP","AVL 2<br/>@MCI 3 F","81.75","-","-","1","1","0","3","0","0","38","2","0","0"
"*0524k*","Rodri","MCI","M","34","FUG","AVL 2<br/>@MCI 3 F","81.6","-","-","1","0","0","1","2","1","80","3","6","0"
"*03gu4*","Harry Maguire","MUN","D","165","FA","MUN 0<br/>@CRY 1 F","81.35","-","-","1","0","0","1","0","0","54","0","5","1"
"*03sgc*","Jordan Ayew","CRY","M,F","85","FA","MUN 0<br/>@CRY 1 F","80.99","-","-","1","0","1","1","1","0","37","6","1","0"
"*03vlj*","Virgil van Dijk","LIV","D","35","PMP","WOL 1<br/>@LIV 3 F","80.54","-","-","1","0","0","1","1","1","74","0","5","1"
"*05nzu*","Gabriel Magalhaes","ARS","D","48","KLI","EVE 1<br/>@ARS 5 F","80.33","-","-","1","1","0","1","0","1","35","1","3","1"
"*05tr8*","Christian Norgaard","BRF","M","62","SJB","LEE 2<br/>@BRF 1 F","80.12","-","-","1","0","0","0","6","0","44","2","3","0"
"*0427d*","James Tarkowski","BUR","D","113","BAR","NEW 2<br/>@BUR 1 F","79.5","-","-","1","0","0","1","2","0","18","1","5","1"
"*03aqp*","Mohamed Salah","LIV","F","2","FUG","WOL 1<br/>@LIV 3 F","79.37","-","-","1","1","0","2","0","0","20","6","0","0"
"*04f6o*","Will Hughes","WAT/CRY","M","378","FA","MUN 0<br/>@CRY 1 F","78.99","-","-","1","0","1","0","2","0","39","4","2","0"
"*04mqu*","Aymeric Laporte","MCI","D","89","KLI","AVL 2<br/>@MCI 3 F","78.99","-","-","1","0","0","0","2","0","86","0","2","1"
"*05r9b*","Martin Odegaard","ARS","M,F","63","PMP","EVE 1<br/>@ARS 5 F","77.55","-","-","1","1","0","1","0","0","42","1","2","0"
"*05os7*","Raphinha","LEE","M,F","31","SJB","LEE 2<br/>@BRF 1 F","77.48","-","-","1","1","0","2","1","0","18","2","1","0"
"*05tz8*","Emmanuel Dennis","WAT","M,F","30","BAR","WAT 1<br/>@CHE 2 F","77.33","-","-","1","1","0","1","0","0","8","1","6","0"
"*03gu5*","Andrew Robertson","LIV","D","51","FUG","WOL 1<br/>@LIV 3 F","77.33","-","-","1","0","0","1","0","0","55","1","2","1"
"*02m66*","Marcos Alonso","CHE","D,M","112","NOAD","WAT 1<br/>@CHE 2 F","76.6","-","-","1","0","1","0","3","0","25","3","2","0"
"*05os5*","Alex Telles","MUN","D","163","ADB","MUN 0<br/>@CRY 1 F","75.89","-","-","1","0","0","1","1","0","28","1","3","1"
"*05trb*","Bryan Mbeumo","BRF","M,F","65","PMP","LEE 2<br/>@BRF 1 F","75.85","-","-","1","1","0","2","0","0","18","1","2","0"
"*05tr2*","Pontus Jansson","BRF","D","94","KLI","LEE 2<br/>@BRF 1 F","75.61","-","-","1","1","0","1","1","1","47","1","2","0"
"*02rn6*","James Tomkins","CRY","D","401","FA","MUN 0<br/>@CRY 1 F","75.4","-","-","1","1","0","1","0","0","58","0","0","0"
"*04rhd*","Fabinho","LIV","D,M","124","FA","WOL 1<br/>@LIV 3 F","74.86","-","-","1","0","0","0","2","0","41","2","5","0"
"*03eki*","Cheikhou Kouyate","CRY","D,M","205","FA","MUN 0<br/>@CRY 1 F","74.84","-","-","1","0","0","0","3","0","27","0","7","0"
"*03p9z*","Tyler Roberts","LEE","M,F","347","FA","LEE 2<br/>@BRF 1 F","74.79","-","-","1","0","1","1","3","0","11","4","0","0"
"*04e1e*","Ben White","ARS","D,M","90","RED","EVE 1<br/>@ARS 5 F","74.69","-","-","1","0","0","0","2","0","45","0","2","1"
"*04qqv*","Fred","MUN","M","123","RED","MUN 0<br/>@CRY 1 F","74.28","-","-","1","0","0","0","3","0","59","3","1","0"
"*052cd*","Mason Mount","CHE","M,F","29","BAR","WAT 1<br/>@CHE 2 F","74.12","-","-","1","1","0","2","2","1","24","2","0","0"
"*04tig*","Fabian Schar","NEW","D","193","FA","NEW 2<br/>@BUR 1 F","73.87","-","-","1","0","0","0","0","0","46","1","7","0"
"*05749*","Kieran Tierney","ARS","D","177","FA","EVE 1<br/>@ARS 5 F","73.7","-","-","1","0","1","0","0","0","36","1","0","1"
"*03dx7*","Ben Mee","BUR","D","203","FA","NEW 2<br/>@BUR 1 F","73.43","-","-","1","0","0","0","3","1","18","0","6","1"
"*04fw3*","Alexandre Lacazette","ARS","F","133","FUG","EVE 1<br/>@ARS 5 F","73.08","-","-","1","1","0","1","0","0","14","1","3","0"
"*043c1*","Oleksandr Zinchenko","MCI","D","201","MOV","AVL 2<br/>@MCI 3 F","73.08","-","-","1","0","0","0","0","0","94","0","1","1"
"*05oh2*","Thiago Alcantara","LIV","M","132","SJB","WOL 1<br/>@LIV 3 F","72.55","-","-","1","0","0","0","1","0","67","3","2","0"
"*050jq*","Marc Guehi","CRY","D","64","PMP","MUN 0<br/>@CRY 1 F","72.44","-","-","1","0","0","0","1","0","57","1","4","0"
"*05uoe*","Juraj Kucka","WAT","M","136","FA","WAT 1<br/>@CHE 2 F","72.37","-","-","1","0","0","0","2","0","18","4","5","0"
"*05gcp*","Tomas Soucek","WHU","M","55","BAR","WHU 1<br/>@BHA 3 F","72.28","-","-","1","0","0","0","0","0","38","1","7","0"
"*04civ*","Scott McTominay","MUN","M","128","NIM","MUN 0<br/>@CRY 1 F","72.08","-","-","1","0","0","0","2","0","44","1","4","0"
"*03yq8*","Demarai Gray","EVE","M,F","104","SJB","EVE 1<br/>@ARS 5 F","71.87","-","-","1","0","0","3","1","1","15","9","0","0"
"*04spp*","Douglas Luiz","AVL","M","141","MOV","AVL 2<br/>@MCI 3 F","71.56","-","-","1","0","0","0","3","0","38","4","1","0"
"*05rak*","Ozan Kabak","NOR","D","343","FA","TOT 5<br/>@NOR 0 F","71.15","-","-","1","0","0","2","0","0","39","0","3","0"
"*05opk*","Vladimir Coufal","WHU","D,M","202","FA","WHU 1<br/>@BHA 3 F","71.13","-","-","1","0","0","0","1","0","40","1","1","1"
"*04fk8*","Victor Lindelof","MUN","D","221","FA","MUN 0<br/>@CRY 1 F","71.08","-","-","1","0","0","0","1","0","50","1","0","1"
"*02lp7*","Andros Townsend","EVE","M,F","220","FA","EVE 1<br/>@ARS 5 F","70.79","-","-","1","0","0","0","5","0","12","6","0","0"
"*03srg*","Trent Alexander-Arnold","LIV","D","27","NOAD","WOL 1<br/>@LIV 3 F","70.4","-","-","1","0","0","0","1","0","46","1","0","1"
"*046c5*","Jarrod Bowen","WHU","M,F","12","NIM","WHU 1<br/>@BHA 3 F","70.28","-","-","1","0","0","1","1","0","28","1","4","0"
"*04qos*","Issa Diop","WHU","D","333","FA","WHU 1<br/>@BHA 3 F","69.85","-","-","1","0","0","1","0","0","25","0","2","1"
"*02on3*","Matthew Lowton","BUR","D","284","FA","NEW 2<br/>@BUR 1 F","69.77","-","-","1","0","0","0","1","0","22","3","1","1"
"*05g3t*","Jeremy Ngakia","WAT","D","338","FA","WAT 1<br/>@CHE 2 F","69.76","-","-","1","0","0","0","2","0","14","0","7","0"
"*051kg*","Max Aarons","NOR","D,M","158","FA","TOT 5<br/>@NOR 0 F","69.65","-","-","1","0","0","0","2","0","39","4","1","0"
"*04u6q*","Caglar Soyuncu","LEI","D","130","FUG","SOU 1<br/>@LEI 4 F","69.62","-","-","1","0","0","0","0","1","40","1","4","1"
"*04fk9*","Jan Bednarek","SOU","D","152","RED","SOU 1<br/>@LEI 4 F","69.45","-","-","1","0","0","0","0","0","42","1","5","0"
"*056iw*","Allan Saint-Maximin","NEW","M,F","75","KLI","NEW 2<br/>@BUR 1 F","69.38","-","-","1","0","0","1","1","1","25","11","0","0"
"*05m46*","Luke Thomas","LEI","D,M","208","FA","SOU 1<br/>@LEI 4 F","69.27","-","-","1","0","0","0","1","0","28","3","0","1"
"*05trs*","Dimitris Giannoulis","NOR","D,M","273","FA","TOT 5<br/>@NOR 0 F","69.1","-","-","1","0","0","0","1","0","34","6","1","0"
"*05trz*","William Troost-Ekong","WAT","D","377","FA","WAT 1<br/>@CHE 2 F","69.02","-","-","1","0","0","0","2","0","19","0","6","0"
"*0554i*","Joelinton","NEW","M,F","61","PMP","NEW 2<br/>@BUR 1 F","68.81","-","-","1","0","0","1","1","0","38","1","2","0"
"*051ki*","Ben Godfrey","EVE","D","253","FA","EVE 1<br/>@ARS 5 F","68.75","-","-","1","0","0","0","5","0","21","3","0","0"
"*052cc*","Billy Gilmour","NOR","M","257","FA","TOT 5<br/>@NOR 0 F","68.6","-","-","1","0","0","0","0","0","60","2","2","0"
"*05o6h*","Kai Havertz","CHE","M,F","86","PMP","WAT 1<br/>@CHE 2 F","68.37","-","-","1","0","0","1","0","0","23","2","4","0"
"*03m5c*","Ruben Loftus-Cheek","CHE","M,F","138","NOAD","WAT 1<br/>@CHE 2 F","68.25","-","-","1","0","0","0","1","0","28","5","2","0"
"*04agz*","Declan Rice","WHU","M","97","NOAD","WHU 1<br/>@BHA 3 F","68.09","-","-","1","0","0","0","0","0","46","5","1","0"
"*04fk6*","Bernardo Silva","MCI","M,F","41","NOAD","AVL 2<br/>@MCI 3 F","68.03","-","-","1","0","0","2","0","0","53","0","0","0"
"*04u6l*","Andre Gomes","EVE","M","395","FA","EVE 1<br/>@ARS 5 F","67.96","-","-","1","0","0","1","1","0","20","2","3","0"
"*0329y*","Joel Ward","CRY","D","173","FA","MUN 0<br/>@CRY 1 F","67.85","-","-","1","0","0","0","1","0","50","0","3","0"
"*02m4d*","Craig Dawson","WHU","D","134","NOAD","WHU 1<br/>@BHA 3 F","67.64","-","-","1","0","0","0","0","1","23","1","5","1"
"*05l0f*","Nathan Tella","SOU","M,F","376","FA","SOU 1<br/>@LEI 4 F","67.52","-","-","1","0","0","3","0","0","11","2","1","0"
"*03tip*","Salomon Rondon","NEW/EVE","F","394","FA","EVE 1<br/>@ARS 5 F","67.35","-","-","1","1","0","1","0","0","3","0","2","0"
"*02lnf*","Joshua King","WAT","M,F","92","FA","WAT 1<br/>@CHE 2 F","67.23","-","-","1","0","0","1","1","0","13","4","2","0"
"*04aiz*","Wilfred Ndidi","LEI","D,M","229","FA","SOU 1<br/>@LEI 4 F","66.98","-","-","1","0","0","1","2","0","31","2","0","0"
"*0327v*","Wilfried Zaha","CRY","M,F","26","BAR","MUN 0<br/>@CRY 1 F","66.89","-","-","1","0","0","1","1","0","22","5","0","0"
"*052h5*","Gabriel Martinelli","ARS","M,F","110","KLI","EVE 1<br/>@ARS 5 F","66.64","-","-","1","0","1","0","2","0","13","2","0","0"
"*04qfz*","Diogo Dalot","MUN","D","200","RED","MUN 0<br/>@CRY 1 F","66.45","-","-","1","0","0","1","0","1","32","0","2","1"
"*02oq7*","Jack Stephens","SOU","D","381","FA","SOU 1<br/>@LEI 4 F","66.09","-","-","1","0","0","0","1","0","32","0","4","0"
"*02lkm*","Jonjo Shelvey","NEW","M","297","FA","NEW 2<br/>@BUR 1 F","66.02","-","-","1","0","0","0","2","0","49","0","1","0"
"*05gvx*","Armando Broja","SOU","F","109","FA","SOU 1<br/>@LEI 4 F","65.94","-","-","1","0","0","0","0","0","10","1","7","0"
"*05os4*","Rayan Ait-Nouri","WOL","D,M","192","NOAD","WOL 1<br/>@LIV 3 F","65.66","-","-","1","0","0","0","3","0","18","3","1","0"
"*05tr0*","Charlie Goode","BRF","D","425","FA","LEE 2<br/>@BRF 1 F","65.64","-","-","1","0","0","0","1","1","40","2","4","0"
"*05gcc*","Kiernan Dewsbury-Hall","LEI","M","207","NOAD","SOU 1<br/>@LEI 4 F","65.57","-","-","1","0","0","0","2","0","39","1","1","0"
"*05omu*","Ruben Dias","MCI","D","69","FUG","AVL 2<br/>@MCI 3 F","65.54","-","-","1","0","0","0","0","1","79","0","0","1"
"*05nt7*","Thiago Silva","CHE","D","78","BAR","WAT 1<br/>@CHE 2 F","65.43","-","-","1","0","0","0","0","0","58","0","2","0"
"*05gcr*","Bruno Fernandes","MUN","M,F","28","NIM","MUN 0<br/>@CRY 1 F","65.3","-","-","1","0","0","0","1","0","39","1","2","0"
"*04y92*","Bukayo Saka","ARS","M,F","19","MOV","EVE 1<br/>@ARS 5 F","64.8","-","-","1","0","1","1","0","1","21","2","1","0"
"*03jv0*","Sadio Mane","LIV","F","13","BAR","WOL 1<br/>@LIV 3 F","64.53","-","-","1","0","0","0","3","0","19","2","1","0"
"*05tr9*","Mathias Jensen","BRF","M","292","FA","LEE 2<br/>@BRF 1 F","64.43","-","-","1","0","0","0","2","0","34","1","1","0"
"*05w9q*","Odsonne Edouard","CRY","M,F","162","FA","MUN 0<br/>@CRY 1 F","64.41","-","-","1","0","0","0","0","0","16","3","4","0"
"*03v6s*","Mason Holgate","EVE","D,M","256","FA","EVE 1<br/>@ARS 5 F","64.21","-","-","1","0","0","0","2","0","33","1","1","0"
"*05trd*","Shandon Baptiste","BRF","M","387","FA","LEE 2<br/>@BRF 1 F","64.18","-","-","1","0","0","1","0","0","21","2","2","0"
"*04abn*","Harvey Barnes","LEI","M,F","47","ADB","SOU 1<br/>@LEI 4 F","64.05","-","-","1","0","1","0","1","0","11","2","0","0"
"*05mzw*","Luke Ayling","LEE","D","149","FA","LEE 2<br/>@BRF 1 F","63.98","-","-","1","0","0","0","2","0","32","1","1","0"
"*05g49*","Lukas Rupp","NOR","M","373","FA","TOT 5<br/>@NOR 0 F","63.9","-","-","1","0","0","1","0","0","28","2","1","0"
"*04yey*","Max Kilman","WOL","D","101","FA","WOL 1<br/>@LIV 3 F","63.73","-","-","1","0","0","1","0","0","31","0","2","0"
"*05udk*","Cucho Hernandez","WAT","M,F","250","FA","WAT 1<br/>@CHE 2 F","63.67","-","-","1","0","0","0","0","0","15","4","3","0"
"*02ygz*","Moussa Sissoko","TOT/WAT","M","119","FA","WAT 1<br/>@CHE 2 F","63.67","-","-","1","0","0","0","0","0","21","3","3","0"
"*0327r*","Michael Keane","EVE","D","95","MOV","EVE 1<br/>@ARS 5 F","63.5","-","-","1","0","0","0","0","0","30","0","4","0"
"*05u5d*","Boubakary Soumare","LEI","M","286","FA","SOU 1<br/>@LEI 4 F","63.45","-","-","1","0","0","0","0","0","32","1","3","0"
"*03hvn*","Javier Manquillo","NEW","D","294","FA","NEW 2<br/>@BUR 1 F","63.19","-","-","1","0","0","0","2","1","28","2","3","0"
"*05n3u*","Joe Gelhardt","LEE","F","316","FA","LEE 2<br/>@BRF 1 F","63.16","-","-","1","1","0","1","0","0","1","0","0","0"
"*03ybi*","Marcus Rashford","MUN","M,F","264","FA","MUN 0<br/>@CRY 1 F","63.11","-","-","1","0","0","0","0","0","23","5","1","0"
"*02vlk*","Cesar Azpilicueta","CHE","D,M","127","SJB","WAT 1<br/>@CHE 2 F","63.07","-","-","1","0","0","0","2","0","34","0","1","0"
"*03vll*","Michail Antonio","WHU","F","22","SJB","WHU 1<br/>@BHA 3 F","63.05","-","-","1","0","0","0","0","0","10","3","4","0"
"*03u2b*","Adama Traore","WOL","M,F","241","FA","WOL 1<br/>@LIV 3 F","63.05","-","-","1","0","0","0","0","0","7","10","0","0"
"*05trv*","Jacob Sorensen","NOR","D,M","389","FA","TOT 5<br/>@NOR 0 F","62.81","-","-","1","0","0","0","1","0","34","0","2","0"
"*04g1w*","Antonio Rudiger","CHE","D","79","NOAD","WAT 1<br/>@CHE 2 F","62.75","-","-","1","0","0","0","1","0","30","2","1","0"
"*02oq8*","James Ward-Prowse","SOU","M","44","PMP","SOU 1<br/>@LEI 4 F","62.41","-","-","1","0","0","1","1","0","24","0","1","0"
"*05oyq*","Said Benrahma","WHU","M,F","52","NIM","WHU 1<br/>@BHA 3 F","62.31","-","-","1","0","0","1","0","0","21","2","1","0"
"*0435t*","Ilkay Gundogan","MCI","M","73","KLI","AVL 2<br/>@MCI 3 F","62.26","-","-","1","0","0","1","0","0","41","0","0","0"
"*051ko*","Kenny McLean","NOR","M","153","FA","TOT 5<br/>@NOR 0 F","62.09","-","-","1","0","0","0","0","0","26","1","3","0"
"*02m5b*","Chris Wood","BUR/NEW","F","116","RED","NEW 2<br/>@BUR 1 F","62.03","-","-","1","0","0","0","0","0","7","0","6","0"
"*02oq3*","Jay Rodriguez","BUR","F","243","FA","NEW 2<br/>@BUR 1 F","61.96","-","-","1","0","0","0","1","0","10","2","3","0"
"*051k7*","Reece James","CHE","D,M","54","PMP","WAT 1<br/>@CHE 2 F","61.94","-","-","1","0","0","0","2","1","27","4","1","0"
"*04yo6*","Miguel Almiron","NEW","M,F","267","FA","NEW 2<br/>@BUR 1 F","61.85","-","-","1","0","0","0","4","0","12","1","0","0"
"*05os9*","Thomas Partey","ARS","M","167","FA","EVE 1<br/>@ARS 5 F","61.75","-","-","1","0","0","0","0","0","49","0","1","0"
"*0435m*","Granit Xhaka","ARS","D,M","289","RED","EVE 1<br/>@ARS 5 F","61.75","-","-","1","0","0","0","0","0","41","1","1","0"
"*02lpl*","Seamus Coleman","EVE","D,M","176","BAR","EVE 1<br/>@ARS 5 F","61.63","-","-","1","0","0","0","0","0","18","2","3","0"
"*04t3s*","Joao Moutinho","WOL","M","164","FUG","WOL 1<br/>@LIV 3 F","61.33","-","-","1","0","0","0","1","0","32","2","0","0"
"*03sd5*","Manuel Lanzini","WHU","M,F","155","FA","WHU 1<br/>@BHA 3 F","61.33","-","-","1","0","0","0","1","0","45","0","0","0"
"*03yr0*","Daniel James","MUN/LEE","M,F","230","FA","LEE 2<br/>@BRF 1 F","60.88","-","-","1","0","0","0","1","0","12","5","0","0"
"*04ge6*","Joe Willock","NEW","M","151","FA","NEW 2<br/>@BUR 1 F","60.88","-","-","1","0","0","0","1","0","30","2","0","0"
"*05o4b*","Matty Cash","AVL","D,M","39","KLI","AVL 2<br/>@MCI 3 F","60.77","-","-","1","0","0","0","1","0","19","1","2","0"
"*02lmz*","Tom Cleverley","WAT","M","288","FA","WAT 1<br/>@CHE 2 F","60.56","-","-","1","0","1","0","0","0","11","1","0","0"
"*05tqz*","Rico Henry","BRF","D,M","146","FA","LEE 2<br/>@BRF 1 F","60.54","-","-","1","0","0","0","1","0","24","0","2","0"
"*05s08*","Valentino Livramento","SOU","D","125","FUG","SOU 1<br/>@LEI 4 F","60.54","-","-","1","0","0","0","1","0","24","0","2","0"
"*045c8*","Gabriel Jesus","MCI","F","37","MOV","AVL 2<br/>@MCI 3 F","60.44","-","-","1","0","0","1","0","0","21","2","0","0"
"*03pig*","Jamaal Lascelles","NEW","D","269","FA","NEW 2<br/>@BUR 1 F","60.44","-","-","1","0","0","0","0","0","33","0","2","0"
"*02rll*","Nathan Redmond","SOU","M,F","218","FA","SOU 1<br/>@LEI 4 F","60.31","-","-","1","0","0","1","1","0","17","1","0","0"
"*02rlu*","Craig Cathcart","WAT","D","276","FA","WAT 1<br/>@CHE 2 F","60.14","-","-","1","0","0","0","1","0","14","0","3","0"
"*05o4c*","Timothy Castagne","LEI","D,M","185","KLI","SOU 1<br/>@LEI 4 F","59.97","-","-","1","0","0","0","1","1","27","0","0","1"
"*051k3*","Jacob Ramsey","AVL","M,F","77","NIM","AVL 2<br/>@MCI 3 F","59.97","-","-","1","0","0","0","1","0","8","5","0","0"
"*05trj*","Marcus Forss","BRF","F","448","FA","LEE 2<br/>@BRF 1 F","59.93","-","-","1","0","1","0","0","0","0","1","1","0"
"*05tr5*","Mads Roerslev","BRF","D,M","335","FA","LEE 2<br/>@BRF 1 F","59.93","-","-","1","0","0","0","0","0","15","4","1","0"
"*04spq*","Jack Harrison","LEE","M,F","49","FA","LEE 2<br/>@BRF 1 F","59.86","-","-","1","0","0","1","1","0","15","1","0","0"
"*02w6v*","Christian Benteke","CRY","F","224","FA","MUN 0<br/>@CRY 1 F","59.82","-","-","1","0","0","0","0","0","4","3","3","0"
"*04fyc*","Charlie Taylor","BUR","D","118","MOV","NEW 2<br/>@BUR 1 F","59.65","-","-","1","0","0","0","0","1","23","2","0","1"
"*04p0d*","Dwight McNeil","BUR","M","74","FUG","NEW 2<br/>@BUR 1 F","59.52","-","-","1","0","0","0","1","0","24","2","0","0"
"*05tru*","Przemyslaw Placheta","NOR","M,F","417","FA","TOT 5<br/>@NOR 0 F","59.14","-","-","1","0","0","1","0","0","13","1","1","0"
"*04abb*","Phil Foden","MCI","M,F","56","KLI","AVL 2<br/>@MCI 3 F","59.08","-","-","1","0","0","1","0","0","21","1","0","0"
"*051k0*","John McGinn","AVL","M","46","FUG","AVL 2<br/>@MCI 3 F","59.07","-","-","1","0","0","0","1","0","22","2","0","0"
"*02lm7*","Jack Grealish","MCI","M,F","105","FA","AVL 2<br/>@MCI 3 F","58.97","-","-","1","0","0","0","0","0","31","2","0","0"
"*05r98*","Morgan Sanson","AVL","M","397","FA","AVL 2<br/>@MCI 3 F","58.84","-","-","1","0","0","0","1","0","9","4","0","0"
"*02lk5*","Jordan Henderson","LIV","D,M","171","FA","WOL 1<br/>@LIV 3 F","58.74","-","-","1","0","0","0","0","0","36","1","0","0"
"*02lm3*","Fabian Delph","EVE","M","398","FA","EVE 1<br/>@ARS 5 F","58.61","-","-","1","0","0","0","1","0","20","2","0","0"
"*04qra*","Romain Saiss","WOL","D,M","96","KLI","WOL 1<br/>@LIV 3 F","58.57","-","-","1","0","0","0","0","0","27","1","1","0"
"*02lpu*","Adam Forshaw","LEE","M","305","FA","LEE 2<br/>@BRF 1 F","58.39","-","-","1","0","0","0","1","0","25","1","0","0"
"*05mxc*","Timo Werner","CHE","F","281","FUG","WAT 1<br/>@CHE 2 F","58.23","-","-","1","0","0","1","0","0","15","0","1","0"
"*0372y*","Matt Targett","AVL/NEW","D,M","83","ADB","NEW 2<br/>@BUR 1 F","57.99","-","-","1","0","0","0","1","0","21","0","1","0"
"*04gw7*","Jadon Sancho","MUN","M,F","188","FA","MUN 0<br/>@CRY 1 F","57.84","-","-","1","0","0","0","0","0","32","1","0","0"
"*03r8x*","Callum Wilson","NEW","F","234","PMP","NEW 2<br/>@BUR 1 F","57.58","-","-","1","0","0","0","2","0","6","2","0","0"
"*04fkc*","Francisco Femenia Far","WAT","D","237","FA","WAT 1<br/>@CHE 2 F","57.54","-","-","1","0","0","0","1","0","19","0","1","0"
"*05u7a*","Junior Firpo","LEE","D,M","301","FA","LEE 2<br/>@BRF 1 F","57.37","-","-","1","0","0","0","1","1","20","2","2","0"
"*04mdn*","Anthony Gordon","EVE","M,F","80","ADB","EVE 1<br/>@ARS 5 F","57.33","-","-","1","0","0","1","0","0","5","1","1","0"
"*05akv*","Tyrick Mitchell","CRY","D","71","MOV","MUN 0<br/>@CRY 1 F","57.21","-","-","1","0","0","0","0","0","27","0","1","0"
"*052ca*","Ezri Konsa","AVL","D","184","FA","AVL 2<br/>@MCI 3 F","57.16","-","-","1","0","0","0","0","0","23","2","0","0"
"*051ks*","Teemu Pukki","NOR","F","70","KLI","TOT 5<br/>@NOR 0 F","57.1","-","-","1","0","0","1","0","0","10","0","1","0"
"*03r8t*","Matt Ritchie","NEW","D,M","367","FA","NEW 2<br/>@BUR 1 F","57.1","-","-","1","0","0","1","0","0","10","0","1","0"
"*05uoq*","Joshua Sargent","NOR","M,F","258","FA","TOT 5<br/>@NOR 0 F","56.93","-","-","1","0","0","0","0","0","16","3","0","0"
"*05ojg*","Nelson Semedo","WOL","D,M","182","FA","WOL 1<br/>@LIV 3 F","56.8","-","-","1","0","0","0","1","0","18","1","0","0"
"*05gcx*","Josh Brownhill","BUR","M","179","NOAD","NEW 2<br/>@BUR 1 F","56.36","-","-","1","0","0","0","0","0","9","1","2","0"
"*02w6w*","Ashley Westwood","BUR","M","322","FA","NEW 2<br/>@BUR 1 F","56.02","-","-","1","0","0","0","0","0","18","2","0","0"
"*03rec*","Tyrone Mings","AVL","D","131","NIM","AVL 2<br/>@MCI 3 F","55.89","-","-","1","0","0","0","1","0","20","0","0","0"
"*04u6i*","Leander Dendoncker","WOL","D,M,F","254","FA","WOL 1<br/>@LIV 3 F","55.82","-","-","1","0","0","0","2","1","12","2","1","0"
"*02opl*","Jack Cork","BUR","M","358","FA","NEW 2<br/>@BUR 1 F","55.67","-","-","1","0","0","0","1","0","19","0","0","0"
"*02m08*","Grant Hanley","NOR","D","102","FA","TOT 5<br/>@NOR 0 F","55.67","-","-","1","0","0","0","1","0","7","2","0","0"
"*03632*","Matej Vydra","BUR","F","327","FA","NEW 2<br/>@BUR 1 F","55.63","-","-","1","0","0","0","0","0","2","3","1","0"
"*051kq*","Todd Cantwell","NOR","M,F","414","FA","TOT 5<br/>@NOR 0 F","55.57","-","-","1","0","0","0","0","0","4","4","0","0"
"*04qr6*","Ruben Neves","WOL","M","126","FA","WOL 1<br/>@LIV 3 F","55.54","-","-","1","0","0","0","2","1","31","0","0","0"
"*044nm*","Rob Holding","ARS","D","354","FA","EVE 1<br/>@ARS 5 F","55.4","-","-","1","0","0","0","0","0","19","0","1","0"
"*030v5*","Andreas Christensen","CHE","D","219","FA","WAT 1<br/>@CHE 2 F","55.27","-","-","1","0","0","0","1","0","9","0","1","0"
"*02oox*","Kevin De Bruyne","MCI","M","11","BAR","AVL 2<br/>@MCI 3 F","55.21","-","-","1","0","0","0","1","0","17","0","0","0"
"*051kl*","Emiliano Buendia","AVL","M,F","66","NOAD","AVL 2<br/>@MCI 3 F","55.12","-","-","1","0","0","0","0","0","14","2","0","0"
"*03zsq*","Kyle Walker-Peters","SOU","D,M","84","ADB","SOU 1<br/>@LEI 4 F","55.12","-","-","1","0","0","0","0","0","20","1","0","0"
"*04kjd*","Nikola Vlasic","EVE/WHU","M","365","FA","WHU 1<br/>@BHA 3 F","55.04","-","-","1","0","0","0","1","0","8","0","1","0"
"*02ljr*","Conor Coady","WOL","D","172","FA","WOL 1<br/>@LIV 3 F","54.66","-","-","1","0","0","0","0","0","24","0","0","0"
"*05n02*","Stuart Dallas","LEE","D,M","91","MOV","LEE 2<br/>@BRF 1 F","54.66","-","-","1","0","0","0","0","0","18","1","0","0"
"*05os3*","Ibrahima Diallo","SOU","M","315","FA","SOU 1<br/>@LEI 4 F","54.66","-","-","1","0","0","0","0","0","18","1","0","0"
"*02lny*","Ashley Young","AVL","D,M,F","283","FA","AVL 2<br/>@MCI 3 F","54.66","-","-","1","0","0","0","0","0","6","3","0","0"
"*04rf1*","Mohamed Elyounoussi","SOU","M,F","150","FA","SOU 1<br/>@LEI 4 F","54.55","-","-","1","0","0","0","0","0","7","0","2","0"
"*05trk*","Saman Ghoddos","BRF","M,F","372","FA","LEE 2<br/>@BRF 1 F","54.44","-","-","1","0","0","0","0","0","11","2","0","0"
"*05uor*","Yoane Wissa","BRF","M,F","199","FA","LEE 2<br/>@BRF 1 F","54.44","-","-","1","0","0","0","0","0","11","2","0","0"
"*055sk*","Nicolas Pepe","ARS","M,F","302","FA","EVE 1<br/>@ARS 5 F","54.27","-","-","1","0","0","0","0","0","2","2","1","0"
"*03ar4*","Adam Armstrong","SOU","F","296","FA","SOU 1<br/>@LEI 4 F","53.87","-","-","1","0","0","1","0","0","4","0","0","0"
"*051kd*","Jamal Lewis","NEW","D","450","FA","NEW 2<br/>@BUR 1 F","53.5","-","-","1","0","0","0","2","1","22","0","0","0"
"*03am7*","Jacob Murphy","NEW","D,M,F","298","FA","NEW 2<br/>@BUR 1 F","53.4","-","-","1","0","0","0","1","0","9","0","0","0"
"*05ojh*","Diego Llorente","LEE","D","156","ADB","LEE 2<br/>@BRF 1 F","53.36","-","-","1","0","0","0","0","1","26","1","1","0"
"*03yu2*","Abdoulaye Doucoure","EVE","M","114","NIM","EVE 1<br/>@ARS 5 F","53.17","-","-","1","0","0","0","1","1","24","1","0","0"
"*05ue3*","Albert Sambi Lokonga","ARS","M","317","FA","EVE 1<br/>@ARS 5 F","53.13","-","-","1","0","0","0","0","0","3","1","1","0"
"*03r8r*","Ryan Fraser","NEW","M,F","324","FA","NEW 2<br/>@BUR 1 F","53.08","-","-","1","0","0","0","0","0","17","0","0","0"
"*044ej*","Johann Gudmundsson","BUR","M","361","FA","NEW 2<br/>@BUR 1 F","52.85","-","-","1","0","0","0","0","0","16","0","0","0"
"*05ocl*","Ollie Watkins","AVL","F","33","MOV","AVL 2<br/>@MCI 3 F","52.74","-","-","1","0","0","0","0","1","15","1","2","0"
"*02lls*","Marc Albrighton","LEI","M,F","334","FA","SOU 1<br/>@LEI 4 F","52.72","-","-","1","0","0","0","1","0","6","0","0","0"
"*055se*","Marvelous Nakamba","AVL","M","383","FA","AVL 2<br/>@MCI 3 F","52.68","-","-","1","0","0","0","0","1","17","2","1","0"
"*02lz9*","Alex Oxlade-Chamberlain","LIV","M,F","328","FA","WOL 1<br/>@LIV 3 F","52.4","-","-","1","0","0","0","0","0","14","0","0","0"
"*02ln2*","Jonny Evans","LEI","D","251","MOV","SOU 1<br/>@LEI 4 F","52.23","-","-","1","0","0","0","0","0","5","0","1","0"
"*03dyl*","Jeffrey Schlupp","CRY","M,F","135","FA","MUN 0<br/>@CRY 1 F","52","-","-","1","0","0","0","0","0","4","0","1","0"
"*05g2o*","Joao Pedro","WAT","M,F","100","FUG","WAT 1<br/>@CHE 2 F","51.94","-","-","1","0","0","0","0","0","6","1","0","0"
"*05o2l*","Donny van de Beek","MUN/EVE","M","366","FA","EVE 1<br/>@ARS 5 F","51.59","-","-","1","0","0","0","1","0","1","0","0","0"
"*04mi4*","Callum Hudson-Odoi","CHE","M,F","306","FA","WAT 1<br/>@CHE 2 F","51.49","-","-","1","0","0","0","0","0","4","1","0","0"
"*05w91*","Hwang Hee-Chan","WOL","F","160","FA","WOL 1<br/>@LIV 3 F","51.26","-","-","1","0","0","0","0","0","3","1","0","0"
"*051lc*","Pablo Fornals","WHU","M,F","87","FA","WHU 1<br/>@BHA 3 F","50.81","-","-","1","0","0","0","0","0","7","0","0","0"
"*05n04*","Mateusz Klich","LEE","M","204","FA","LEE 2<br/>@BRF 1 F","50.45","-","-","1","0","0","0","1","1","12","1","0","0"
"*04spy*","Mason Greenwood","MUN","M,F","198","FA","MUN 0<br/>@CRY 1 F","50.36","-","-","1","0","0","0","0","0","5","0","0","0"
"*04qr8*","Diogo Jota","LIV","F","17","ADB","WOL 1<br/>@LIV 3 F","50.13","-","-","1","0","0","0","0","0","4","0","0","0"
"*05vys*","Lyanco","SOU","D","349","FA","SOU 1<br/>@LEI 4 F","50.13","-","-","1","0","0","0","0","0","4","0","0","0"
"*03dxq*","Danny Ings","AVL","F","129","FA","AVL 2<br/>@MCI 3 F","49.9","-","-","1","0","0","0","0","0","3","0","0","0"
"*02lv9*","James Milner","LIV","D,M","311","FA","WOL 1<br/>@LIV 3 F","49.9","-","-","1","0","0","0","0","0","3","0","0","0"
"*04io4*","Richarlison","EVE","M,F","36","PMP","EVE 1<br/>@ARS 5 F","49.9","-","-","1","0","0","0","0","0","3","0","0","0"
"*05u6n*","Trincao","WOL","F","212","FA","WOL 1<br/>@LIV 3 F","49.9","-","-","1","0","0","0","0","0","3","0","0","0"
"*05gcq*","Daniel Podence","WOL","M,F","223","FA","WOL 1<br/>@LIV 3 F","49.68","-","-","1","0","0","0","0","0","2","0","0","0"
"*05g2n*","Takumi Minamino","LIV","M,F","410","FA","WOL 1<br/>@LIV 3 F","49.68","-","-","1","0","0","0","0","0","2","0","0","0"
"*0435u*","Eric Bailly","MUN","D","447","FA","MUN 0<br/>@CRY 1 F","49.45","-","-","1","0","0","0","0","0","1","0","0","0"
"*02loq*","Aaron Lennon","BUR","M,F","320","FA","NEW 2<br/>@BUR 1 F","49.45","-","-","1","0","0","0","0","0","1","0","0","0"
"*02m7x*","Romelu Lukaku","CHE","F","169","NOAD","WAT 1<br/>@CHE 2 F","49.45","-","-","1","0","0","0","0","0","1","0","0","0"
"*05y55*","Kasey McAteer","LEI","M","518","FA","SOU 1<br/>@LEI 4 F","49.45","-","-","1","0","0","0","0","0","1","0","0","0"
"*04rtp*","Ken Sema","WAT","M,F","405","FA","WAT 1<br/>@CHE 2 F","49.45","-","-","1","0","0","0","0","0","1","0","0","0"
"*0522s*","Che Adams","SOU","F","60","FA","SOU 1<br/>@LEI 4 F","49.22","-","-","0","0","0","0","0","0","0","0","0","0"
"*05uel*","Kristoffer Ajer","BRF","D","209","FA","LEE 2<br/>@BRF 1 F","49.22","-","-","0","0","0","0","0","0","0","0","0","0"
"*02y6o*","Nathan Ake","MCI","D","216","FA","AVL 2<br/>@MCI 3 F","49.22","-","-","0","0","0","0","0","0","0","0","0","0"
"*05ogg*","Ajibola Alese","WHU","D","538","FA","WHU 1<br/>@BHA 3 F","49.22","-","-","0","0","0","0","0","0","0","0","0","0"
"*05o6w*","Allan","EVE","M","261","SJB","EVE 1<br/>@ARS 5 F","49.22","-","-","0","0","0","0","0","0","0","0","0","0"
"*03ysm*","Daniel Amartey","LEI","D","265","FA","SOU 1<br/>@LEI 4 F","49.22","-","-","0","0","0","0","0","0","0","0","0","0"
"*05os8*","Joachim Andersen","CRY","D","108","RED","MUN 0<br/>@CRY 1 F","49.22","-","-","0","0","0","0","0","0","0","0","0","0"
"*05opj*","Elliot Anderson","NEW","M","542","FA","NEW 2<br/>@BUR 1 F","49.22","-","-","0","0","0","0","0","0","0","0","0","0"
"*04gs4*","Mathias Antonsen Normann","BHA/NOR","M","266","MOV","TOT 5<br/>@NOR 0 F","49.22","-","-","0","0","0","0","0","0","0","0","0","0"
"*05y5a*","Keenan Appiah-Forson","WHU","M","545","FA","WHU 1<br/>@BHA 3 F","49.22","-","-","0","0","0","0","0","0","0","0","0","0"
"*058vb*","Cameron Archer","AVL","F","499","FA","AVL 2<br/>@MCI 3 F","49.22","-","-","0","0","0","0","0","0","0","0","0","0"
"*04rd1*","Stuart Armstrong","SOU","M,F","240","ADB","SOU 1<br/>@LEI 4 F","49.22","-","-","0","0","0","0","0","0","0","0","0","0"
"*05ogh*","Harrison Ashby","WHU","D","504","FA","WHU 1<br/>@BHA 3 F","49.22","-","-","0","0","0","0","0","0","0","0","0","0"
"*04mqy*","Pierre-Emerick Aubameyang","ARS","M,F","285","FA","EVE 1<br/>@ARS 5 F","49.22","-","-","0","0","0","0","0","0","0","0","0","0"
"*05udj*","Kwadwo Baah","WAT","M","552","FA","WAT 1<br/>@CHE 2 F","49.22","-","-","0","0","0","0","0","0","0","0","0","0"
"*05uns*","Leon Bailey","AVL","M,F","341","FA","AVL 2<br/>@MCI 3 F","49.22","-","-","0","0","0","0","0","0","0","0","0","0"
"*05x13*","James Balagizi","LIV","M","554","FA","WOL 1<br/>@LIV 3 F","49.22","-","-","0","0","0","0","0","0","0","0","0","0"
"*059iq*","Folarin Balogun","ARS","F","477","FA","EVE 1<br/>@ARS 5 F","49.22","-","-","0","0","0","0","0","0","0","0","0","0"
"*03ek4*","Patrick Bamford","LEE","F","392","FA","LEE 2<br/>@BRF 1 F","49.22","-","-","0","0","0","0","0","0","0","0","0","0"
"*05lfr*","Scott Banks","CRY","F","557","FA","MUN 0<br/>@CRY 1 F","49.22","-","-","0","0","0","0","0","0","0","0","0","0"
"*05r4v*","Jamal Baptiste","WHU","D","558","FA","WHU 1<br/>@BHA 3 F","49.22","-","-","0","0","0","0","0","0","0","0","0","0"
"*02m5c*","Phil Bardsley","BUR","D","559","FA","NEW 2<br/>@BUR 1 F","49.22","-","-","0","0","0","0","0","0","0","0","0","0"
"*02lpf*","Ross Barkley","CHE","M","409","FA","WAT 1<br/>@CHE 2 F","49.22","-","-","0","0","0","0","0","0","0","0","0","0"
"*03dxr*","Ashley Barnes","BUR","F","346","ADB","NEW 2<br/>@BUR 1 F","49.22","-","-","0","0","0","0","0","0","0","0","0","0"
"*05lus*","Lewis Bate","CHE/LEE","M","472","FA","LEE 2<br/>@BRF 1 F","49.22","-","-","0","0","0","0","0","0","0","0","0","0"
"*05tr4*","Mads Bech Sorensen","BRF","D","396","FA","LEE 2<br/>@BRF 1 F","49.22","-","-","0","0","0","0","0","0","0","0","0","0"
"*05uhi*","Owen Beck","LIV","D","560","FA","WOL 1<br/>@LIV 3 F","49.22","-","-","0","0","0","0","0","0","0","0","0","0"
"*04u6g*","Filip Benkovic","LEI","D","562","FA","SOU 1<br/>@LEI 4 F","49.22","-","-","0","0","0","0","0","0","0","0","0","0"
"*02m79*","Ryan Bertrand","LEI","D","451","FA","SOU 1<br/>@LEI 4 F","49.22","-","-","0","0","0","0","0","0","0","0","0","0"
"*05tri*","Mads Bidstrup","BRF","M","496","FA","LEE 2<br/>@BRF 1 F","49.22","-","-","0","0","0","0","0","0","0","0","0","0"
"*05xtt*","Harvey Blair","LIV","F","567","FA","WOL 1<br/>@LIV 3 F","49.22","-","-","0","0","0","0","0","0","0","0","0","0"
"*05r4h*","Lamare Bogarde","AVL","M","570","FA","AVL 2<br/>@MCI 3 F","49.22","-","-","0","0","0","0","0","0","0","0","0","0"
"*04qr0*","Willy Boly","WOL","D","329","NOAD","WOL 1<br/>@LIV 3 F","49.22","-","-","0","0","0","0","0","0","0","0","0","0"
"*05uhj*","Conor Bradley","LIV","M","572","FA","WOL 1<br/>@LIV 3 F","49.22","-","-","0","0","0","0","0","0","0","0","0","0"
"*05l27*","Jarrad Branthwaite","EVE","D","440","FA","EVE 1<br/>@ARS 5 F","49.22","-","-","0","0","0","0","0","0","0","0","0","0"
"*05y63*","Lewis Brunt","LEI","M","483","FA","SOU 1<br/>@LEI 4 F","49.22","-","-","0","0","0","0","0","0","0","0","0","0"
"*05raa*","Hugo Bueno","WOL","D","574","FA","WOL 1<br/>@LIV 3 F","49.22","-","-","0","0","0","0","0","0","0","0","0","0"
"*05uhr*","Finley Burns","MCI","D","575","FA","AVL 2<br/>@MCI 3 F","49.22","-","-","0","0","0","0","0","0","0","0","0","0"
"*03ysd*","Sam Byram","NOR","D","326","FA","TOT 5<br/>@NOR 0 F","49.22","-","-","0","0","0","0","0","0","0","0","0","0"
"*049tq*","Dominic Calvert-Lewin","EVE","F","181","NOAD","EVE 1<br/>@ARS 5 F","49.22","-","-","0","0","0","0","0","0","0","0","0","0"
"*05a6j*","Chem Campbell","WOL","F","489","FA","WOL 1<br/>@LIV 3 F","49.22","-","-","0","0","0","0","0","0","0","0","0","0"
"*0411y*","Sergi Canos","BRF","M,F","282","FA","LEE 2<br/>@BRF 1 F","49.22","-","-","0","0","0","0","0","0","0","0","0","0"
"*05os6*","Edinson Cavani","MUN","F","359","FA","MUN 0<br/>@CRY 1 F","49.22","-","-","0","0","0","0","0","0","0","0","0","0"
"*03r9c*","Cedric Soares","ARS","D","271","FA","EVE 1<br/>@ARS 5 F","49.22","-","-","0","0","0","0","0","0","0","0","0","0"
"*04mup*","Trevoh Chalobah","CHE","D,M","98","BAR","WAT 1<br/>@CHE 2 F","49.22","-","-","0","0","0","0","0","0","0","0","0","0"
"*02t1j*","Calum Chambers","ARS/AVL","D","309","FA","AVL 2<br/>@MCI 3 F","49.22","-","-","0","0","0","0","0","0","0","0","0","0"
"*05xsd*","Daniel Chesters","WHU","M","521","FA","WHU 1<br/>@BHA 3 F","49.22","-","-","0","0","0","0","0","0","0","0","0","0"
"*03v6t*","Ben Chilwell","CHE","D,M","331","FA","WAT 1<br/>@CHE 2 F","49.22","-","-","0","0","0","0","0","0","0","0","0","0"
"*04lax*","Hamza Choudhury","LEI","D,M","430","FA","SOU 1<br/>@LEI 4 F","49.22","-","-","0","0","0","0","0","0","0","0","0","0"
"*05vyd*","Caleb Chukwuemeka","AVL","F","582","FA","AVL 2<br/>@MCI 3 F","49.22","-","-","0","0","0","0","0","0","0","0","0","0"
"*05re5*","Carney Chukwuemeka","AVL","M","411","FA","AVL 2<br/>@MCI 3 F","49.22","-","-","0","0","0","0","0","0","0","0","0","0"
"*05uho*","CJ Egan-Riley","MCI","D","501","FA","AVL 2<br/>@MCI 3 F","49.22","-","-","0","0","0","0","0","0","0","0","0","0"
"*02llz*","Ciaran Clark","NEW","D","385","FA","NEW 2<br/>@BUR 1 F","49.22","-","-","0","0","0","0","0","0","0","0","0","0"
"*02t1k*","Nathaniel Clyne","CRY","D","313","FA","MUN 0<br/>@CRY 1 F","49.22","-","-","1","0","0","0","0","0","0","0","0","0"
"*05u1m*","Nathan Collins","BUR","D","246","NIM","NEW 2<br/>@BUR 1 F","49.22","-","-","0","0","0","0","0","0","0","0","0","0"
"*05mzx*","Liam Cooper","LEE","D","191","BAR","LEE 2<br/>@BRF 1 F","49.22","-","-","0","0","0","0","0","0","0","0","0","0"
"*05w90*","Maxwel Cornet","BUR","D,M,F","144","FA","NEW 2<br/>@BUR 1 F","49.22","-","-","0","0","0","0","0","0","0","0","0","0"
"*03ena*","Aaron Cresswell","WHU","D","145","KLI","WHU 1<br/>@BHA 3 F","49.22","-","-","0","0","0","0","0","0","0","0","0","0"
"*05ogl*","Charlie Cresswell","LEE","D","456","FA","LEE 2<br/>@BRF 1 F","49.22","-","-","1","0","0","0","0","0","0","0","0","0"
"*052k1*","Luke Cundle","WOL","M","455","FA","WOL 1<br/>@LIV 3 F","49.22","-","-","0","0","0","0","0","0","0","0","0","0"
"*054ow*","Vontae Daley-Campbell","LEI","D","591","FA","SOU 1<br/>@LEI 4 F","49.22","-","-","0","0","0","0","0","0","0","0","0","0"
"*048xg*","Josh Dasilva","BRF","M","482","FA","LEE 2<br/>@BRF 1 F","49.22","-","-","0","0","0","0","0","0","0","0","0","0"
"*040ah*","Tom Davies","EVE","M","431","FA","EVE 1<br/>@ARS 5 F","49.22","-","-","0","0","0","0","0","0","0","0","0","0"
"*03yuo*","Keinan Davis","AVL","F","502","FA","AVL 2<br/>@MCI 3 F","49.22","-","-","0","0","0","0","0","0","0","0","0","0"
"*05r34*","Amad Diallo","MUN","F","597","FA","MUN 0<br/>@CRY 1 F","49.22","-","-","0","0","0","0","0","0","0","0","0","0"
"*04tm0*","Lucas Digne","EVE/AVL","D,M","139","BAR","AVL 2<br/>@MCI 3 F","49.22","-","-","0","0","0","0","0","0","0","0","0","0"
"*05aly*","Elijah Dixon-Bonner","LIV","M","600","FA","WOL 1<br/>@LIV 3 F","49.22","-","-","0","0","0","0","0","0","0","0","0","0"
"*0522r*","Moussa Djenepo","SOU","M","443","FA","SOU 1<br/>@LEI 4 F","49.22","-","-","0","0","0","0","0","0","0","0","0","0"
"*05uog*","Lewis Dobbin","EVE","F","524","FA","EVE 1<br/>@ARS 5 F","49.22","-","-","0","0","0","0","0","0","0","0","0","0"
"*05ux0*","Owen Dodgson","BUR","D","601","FA","NEW 2<br/>@BUR 1 F","49.22","-","-","0","0","0","0","0","0","0","0","0","0"
"*03m5h*","Kieran Dowell","NOR","M,F","369","FA","TOT 5<br/>@NOR 0 F","49.22","-","-","0","0","0","0","0","0","0","0","0","0"
"*05roa*","Cody Drameh","LEE","D","479","FA","LEE 2<br/>@BRF 1 F","49.22","-","-","0","0","0","0","0","0","0","0","0","0"
"*032f5*","Paul Dummett","NEW","D","462","FA","NEW 2<br/>@BUR 1 F","49.22","-","-","0","0","0","0","0","0","0","0","0","0"
"*05uhw*","Samuel Edozie","MCI","F","603","FA","AVL 2<br/>@MCI 3 F","49.22","-","-","0","0","0","0","0","0","0","0","0","0"
"*0522t*","Anwar El Ghazi","AVL/EVE","M","407","FA","EVE 1<br/>@ARS 5 F","49.22","-","-","0","0","0","0","0","0","0","0","0","0"
"*05ogb*","Anthony Elanga","MUN","M,F","233","FA","MUN 0<br/>@CRY 1 F","49.22","-","-","0","0","0","0","0","0","0","0","0","0"
"*04xjr*","Harvey Elliott","LIV","M","421","FA","WOL 1<br/>@LIV 3 F","49.22","-","-","0","0","0","0","0","0","0","0","0","0"
"*05u95*","Peter Etebo","WAT","M","444","FA","WAT 1<br/>@CHE 2 F","49.22","-","-","0","0","0","0","0","0","0","0","0","0"
"*05y56*","Oliver Ewing","LEI","M","606","FA","SOU 1<br/>@LEI 4 F","49.22","-","-","0","0","0","0","0","0","0","0","0","0"
"*05nt6*","Eberechi Eze","CRY","M,F","363","ADB","MUN 0<br/>@CRY 1 F","49.22","-","-","0","0","0","0","0","0","0","0","0","0"
"*05o8k*","Fabio Silva","WOL","F","404","FA","WOL 1<br/>@LIV 3 F","49.22","-","-","0","0","0","0","0","0","0","0","0","0"
"*04mf8*","Nathan Ferguson","CRY","D","517","FA","MUN 0<br/>@CRY 1 F","49.22","-","-","0","0","0","0","0","0","0","0","0","0"
"*03jab*","Federico Fernandez","NEW","D","420","FA","NEW 2<br/>@BUR 1 F","49.22","-","-","0","0","0","0","0","0","0","0","0","0"
"*03278*","Fernandinho","MCI","D,M","272","FA","AVL 2<br/>@MCI 3 F","49.22","-","-","0","0","0","0","0","0","0","0","0","0"
"*0452s*","Ashley Fletcher","WAT","F","481","FA","WAT 1<br/>@CHE 2 F","49.22","-","-","0","0","0","0","0","0","0","0","0","0"
"*05opl*","Wesley Fofana","LEI","D","355","NIM","SOU 1<br/>@LEI 4 F","49.22","-","-","0","0","0","0","0","0","0","0","0","0"
"*05trc*","Tariqe Fosu-Henry","BRF","M","485","FA","LEE 2<br/>@BRF 1 F","49.22","-","-","0","0","0","0","0","0","0","0","0","0"
"*02lof*","Ryan Fredericks","WHU","D","465","FA","WHU 1<br/>@BHA 3 F","49.22","-","-","0","0","0","0","0","0","0","0","0","0"
"*0329o*","Dwight Gayle","NEW","F","525","FA","NEW 2<br/>@BUR 1 F","49.22","-","-","0","0","0","0","0","0","0","0","0","0"
"*056iu*","Jean-Philippe Gbamin","EVE","M","473","FA","EVE 1<br/>@ARS 5 F","49.22","-","-","0","0","0","0","0","0","0","0","0","0"
"*04360*","Ben Gibson","NOR","D","235","FA","TOT 5<br/>@NOR 0 F","49.22","-","-","0","0","0","0","0","0","0","0","0","0"
"*03r93*","Joseph Gomez","LIV","D","393","FA","WOL 1<br/>@LIV 3 F","49.22","-","-","0","0","0","0","0","0","0","0","0","0"
"*05uhl*","Kaide Gordon","LIV","F","492","FA","WOL 1<br/>@LIV 3 F","49.22","-","-","0","0","0","0","0","0","0","0","0","0"
"*05tr7*","Lewis Gordon","BRF","D","618","FA","LEE 2<br/>@BRF 1 F","49.22","-","-","0","0","0","0","0","0","0","0","0","0"
"*02ltx*","Dan Gosling","WAT","M","435","FA","WAT 1<br/>@CHE 2 F","49.22","-","-","0","0","0","0","0","0","0","0","0","0"
"*05r4r*","Sam Greenwood","LEE","F","429","FA","LEE 2<br/>@BRF 1 F","49.22","-","-","0","0","0","0","0","0","0","0","0","0"
"*05reo*","Reece Hannam","CRY","D","626","FA","MUN 0<br/>@CRY 1 F","49.22","-","-","0","0","0","0","0","0","0","0","0","0"
"*05y57*","Bjorn Hardley","MUN","D","627","FA","MUN 0<br/>@CRY 1 F","49.22","-","-","0","0","0","0","0","0","0","0","0","0"
"*04qr4*","Kortney Hause","AVL","D","374","FA","AVL 2<br/>@MCI 3 F","49.22","-","-","0","0","0","0","0","0","0","0","0","0"
"*035mq*","Isaac Hayden","NEW","D,M","382","FA","NEW 2<br/>@BUR 1 F","49.22","-","-","0","0","0","0","0","0","0","0","0","0"
"*05trh*","Maxwell Haygarth","BRF","M","629","FA","LEE 2<br/>@BRF 1 F","49.22","-","-","0","0","0","0","0","0","0","0","0","0"
"*047l2*","Jeff Hendrick","NEW","M","453","FA","NEW 2<br/>@BUR 1 F","49.22","-","-","0","0","0","0","0","0","0","0","0","0"
"*05x12*","Leo Fuhr Hjelde","LEE","D","457","FA","LEE 2<br/>@BRF 1 F","49.22","-","-","0","0","0","0","0","0","0","0","0","0"
"*04yjx*","Ki-Jana Hoever","WOL","D,M","432","FA","WOL 1<br/>@LIV 3 F","49.22","-","-","0","0","0","0","0","0","0","0","0","0"
"*056zd*","Adam Idah","NOR","M,F","352","FA","TOT 5<br/>@NOR 0 F","49.22","-","-","0","0","0","0","0","0","0","0","0","0"
"*03g40*","Kelechi Iheanacho","LEI","F","217","FA","SOU 1<br/>@LEI 4 F","49.22","-","-","0","0","0","0","0","0","0","0","0","0"
"*05t6z*","Tim Iroegbunam","WBA/AVL","M","476","FA","AVL 2<br/>@MCI 3 F","49.22","-","-","0","0","0","0","0","0","0","0","0","0"
"*038ze*","Alex Iwobi","EVE","D,M,F","225","NIM","EVE 1<br/>@ARS 5 F","49.22","-","-","0","0","0","0","0","0","0","0","0","0"
"*05u41*","Julian Jeanvier","BRF","D","638","FA","LEE 2<br/>@BRF 1 F","49.22","-","-","0","0","0","0","0","0","0","0","0","0"
"*05ozb*","Jack Jenkins","LEE","M","639","FA","LEE 2<br/>@BRF 1 F","49.22","-","-","0","0","0","0","0","0","0","0","0","0"
"*04mcg*","Ben Johnson","WHU","D,M","318","FA","WHU 1<br/>@BHA 3 F","49.22","-","-","0","0","0","0","0","0","0","0","0","0"
"*04o82*","Curtis Jones","LIV","M","274","FA","WOL 1<br/>@LIV 3 F","49.22","-","-","0","0","0","0","0","0","0","0","0","0"
"*02lnd*","Phil Jones","MUN","D","438","FA","MUN 0<br/>@CRY 1 F","49.22","-","-","0","0","0","0","0","0","0","0","0","0"
"*04tcc*","Jonny","WOL","D,M","291","KLI","WOL 1<br/>@LIV 3 F","49.22","-","-","0","0","0","0","0","0","0","0","0","0"
"*0521z*","James Justin","LEI","D,M","325","SJB","SOU 1<br/>@LEI 4 F","49.22","-","-","0","0","0","0","0","0","0","0","0","0"
"*0436l*","Christian Kabasele","WAT","D","321","FA","WAT 1<br/>@CHE 2 F","49.22","-","-","0","0","0","0","0","0","0","0","0","0"
"*03srm*","N'Golo Kante","CHE","M","121","ADB","WAT 1<br/>@CHE 2 F","49.22","-","-","0","0","0","0","0","0","0","0","0","0"
"*04rhe*","Naby Keita","LIV","M","260","FA","WOL 1<br/>@LIV 3 F","49.22","-","-","0","0","0","0","0","0","0","0","0","0"
"*02lk9*","Martin Kelly","CRY","D","645","FA","MUN 0<br/>@CRY 1 F","49.22","-","-","0","0","0","0","0","0","0","0","0","0"
"*03m5e*","Jonjoe Kenny","EVE","D","426","FA","EVE 1<br/>@ARS 5 F","49.22","-","-","0","0","0","0","0","0","0","0","0","0"
"*05nuh*","Robin Koch","LEE","D,M","303","FA","LEE 2<br/>@BRF 1 F","49.22","-","-","0","0","0","0","0","0","0","0","0","0"
"*04fjx*","Sead Kolasinac","ARS","D","494","FA","EVE 1<br/>@ARS 5 F","49.22","-","-","0","0","0","0","0","0","0","0","0","0"
"*05u7f*","Ibrahima Konate","LIV","D","304","PMP","WOL 1<br/>@LIV 3 F","49.22","-","-","0","0","0","0","0","0","0","0","0","0"
"*04u41*","Mateo Kovacic","CHE","M","140","FA","WAT 1<br/>@CHE 2 F","49.22","-","-","0","0","0","0","0","0","0","0","0","0"
"*05746*","Emil Krafth","NEW","D","310","NIM","NEW 2<br/>@BUR 1 F","49.22","-","-","0","0","0","0","0","0","0","0","0","0"
"*05w9n*","Alex Kral","WHU","M","509","FA","WHU 1<br/>@BHA 3 F","49.22","-","-","0","0","0","0","0","0","0","0","0","0"
"*05unu*","Romeo Lavia","MCI","M","651","FA","AVL 2<br/>@MCI 3 F","49.22","-","-","0","0","0","0","0","0","0","0","0","0"
"*05r4i*","Hayden Lindley","AVL","M","656","FA","AVL 2<br/>@MCI 3 F","49.22","-","-","0","0","0","0","0","0","0","0","0","0"
"*02lni*","Jesse Lingard","MUN","M,F","391","FA","MUN 0<br/>@CRY 1 F","49.22","-","-","0","0","0","0","0","0","0","0","0","0"
"*03dxa*","Kevin Long","BUR","D","437","FA","NEW 2<br/>@BUR 1 F","49.22","-","-","0","0","0","0","0","0","0","0","0","0"
"*02los*","Shane Long","SOU","F","388","FA","SOU 1<br/>@LEI 4 F","49.22","-","-","0","0","0","0","0","0","0","0","0","0"
"*05oj4*","Emmanuel Longelo","WHU","F","658","FA","WHU 1<br/>@BHA 3 F","49.22","-","-","0","0","0","0","0","0","0","0","0","0"
"*04ug0*","Sean Longstaff","NEW","M","268","FA","NEW 2<br/>@BUR 1 F","49.22","-","-","0","0","0","0","0","0","0","0","0","0"
"*04aj0*","Ademola Lookman","FUL/LEI","M,F","187","FA","SOU 1<br/>@LEI 4 F","49.22","-","-","0","0","0","0","0","0","0","0","0","0"
"*05ts2*","Imran Louza","WAT","M","340","FA","WAT 1<br/>@CHE 2 F","49.22","-","-","0","0","0","0","0","0","0","0","0","0"
"*04tsf*","Paris Maghoma","BRF","M","662","FA","LEE 2<br/>@BRF 1 F","49.22","-","-","0","0","0","0","0","0","0","0","0","0"
"*03dyp*","Riyad Mahrez","MCI","M,F","57","SJB","AVL 2<br/>@MCI 3 F","49.22","-","-","0","0","0","0","0","0","0","0","0","0"
"*03m3q*","Ainsley Maitland-Niles","ARS","M","436","FA","EVE 1<br/>@ARS 5 F","49.22","-","-","0","0","0","0","0","0","0","0","0","0"
"*05o8j*","Marcal","WOL","D,M","314","FA","WOL 1<br/>@LIV 3 F","49.22","-","-","0","0","0","0","0","0","0","0","0","0"
"*05xts*","Wanya Marcal-Madivadua","LEI","M","664","FA","SOU 1<br/>@LEI 4 F","49.22","-","-","0","0","0","0","0","0","0","0","0","0"
"*05gco*","Pablo Mari","ARS","D","463","FA","EVE 1<br/>@ARS 5 F","49.22","-","-","0","0","0","0","0","0","0","0","0","0"
"*03vlm*","Anthony Martial","MUN","M,F","428","FA","MUN 0<br/>@CRY 1 F","49.22","-","-","0","0","0","0","0","0","0","0","0","0"
"*04rim*","Adam Masina","WAT","D","323","FA","WAT 1<br/>@CHE 2 F","49.22","-","-","0","0","0","0","0","0","0","0","0","0"
"*02m7z*","Juan Mata","MUN","M","418","FA","MUN 0<br/>@CRY 1 F","49.22","-","-","0","0","0","0","0","0","0","0","0","0"
"*05r8o*","Jean-Philippe Mateta","CRY","F","245","FA","MUN 0<br/>@CRY 1 F","49.22","-","-","0","0","0","0","0","0","0","0","0","0"
"*03aoj*","Nemanja Matic","MUN","M","252","FA","MUN 0<br/>@CRY 1 F","49.22","-","-","0","0","0","0","0","0","0","0","0","0"
"*05r33*","Luke Mbete","MCI","D","670","FA","AVL 2<br/>@MCI 3 F","49.22","-","-","0","0","0","0","0","0","0","0","0","0"
"*05x9l*","Xavier Mbuyamba","CHE","D","671","FA","WAT 1<br/>@CHE 2 F","49.22","-","-","0","0","0","0","0","0","0","0","0","0"
"*02lla*","James McArthur","CRY","M","242","RED","MUN 0<br/>@CRY 1 F","49.22","-","-","0","0","0","0","0","0","0","0","0","0"
"*05uhs*","James Mcatee","MCI","M","486","FA","AVL 2<br/>@MCI 3 F","49.22","-","-","0","0","0","0","0","0","0","0","0","0"
"*05unv*","Liam McCarron","LEE","M","515","FA","LEE 2<br/>@BRF 1 F","49.22","-","-","0","0","0","0","0","0","0","0","0","0"
"*05ww3*","Stuart McKinstry","LEE","M","516","FA","LEE 2<br/>@BRF 1 F","49.22","-","-","0","0","0","0","0","0","0","0","0","0"
"*05t6y*","Hannibal Mejbri","MUN","M","527","FA","MUN 0<br/>@CRY 1 F","49.22","-","-","0","0","0","0","0","0","0","0","0","0"
"*04gyl*","Benjamin Mendy","MCI","D","464","FA","AVL 2<br/>@MCI 3 F","49.22","-","-","0","0","0","0","0","0","0","0","0","0"
"*043by*","Nampalys Mendy","LEI","M","368","FA","SOU 1<br/>@LEI 4 F","49.22","-","-","0","0","0","0","0","0","0","0","0","0"
"*05afe*","Teden Mengi","MUN","D","676","FA","MUN 0<br/>@CRY 1 F","49.22","-","-","0","0","0","0","0","0","0","0","0","0"
"*04ami*","Luka Milivojevic","CRY","M","375","FA","MUN 0<br/>@CRY 1 F","49.22","-","-","0","0","0","0","0","0","0","0","0","0"
"*04u6k*","Yerry Mina","EVE","D","345","SJB","EVE 1<br/>@ARS 5 F","49.22","-","-","0","0","0","0","0","0","0","0","0","0"
"*03yrr*","Mohamed Elneny","ARS","M","351","FA","EVE 1<br/>@ARS 5 F","49.22","-","-","0","0","0","0","0","0","0","0","0","0"
"*05uoh*","James Morris","WAT","D","680","FA","WAT 1<br/>@CHE 2 F","49.22","-","-","0","0","0","0","0","0","0","0","0","0"
"*05uhk*","Tyler Morton","LIV","M","505","FA","WOL 1<br/>@LIV 3 F","49.22","-","-","0","0","0","0","0","0","0","0","0","0"
"*05ts6*","Yerson Mosquera","WOL","D","681","FA","WOL 1<br/>@LIV 3 F","49.22","-","-","0","0","0","0","0","0","0","0","0","0"
"*05trr*","Bali Mumba","NOR","D","491","FA","TOT 5<br/>@NOR 0 F","49.22","-","-","0","0","0","0","0","0","0","0","0","0"
"*05qz9*","Ben Nelson","LEI","D","685","FA","SOU 1<br/>@LEI 4 F","49.22","-","-","0","0","0","0","0","0","0","0","0","0"
"*05w9s*","Saul Niguez","CHE","M","403","FA","WAT 1<br/>@CHE 2 F","49.22","-","-","0","0","0","0","0","0","0","0","0","0"
"*04ge9*","Eddie Nketiah","ARS","F","293","RED","EVE 1<br/>@ARS 5 F","49.22","-","-","0","0","0","0","0","0","0","0","0","0"
"*05xne*","Nicolas Nkoulou","WAT","D","469","FA","WAT 1<br/>@CHE 2 F","49.22","-","-","0","0","0","0","0","0","0","0","0","0"
"*02onj*","Mark Noble","WHU","M","413","FA","WHU 1<br/>@BHA 3 F","49.22","-","-","0","0","0","0","0","0","0","0","0","0"
"*05alx*","James Norris","LIV","D","687","FA","WOL 1<br/>@LIV 3 F","49.22","-","-","0","0","0","0","0","0","0","0","0","0"
"*05u99*","Nuno Tavares","ARS","D","262","FA","EVE 1<br/>@ARS 5 F","49.22","-","-","0","0","0","0","0","0","0","0","0","0"
"*03rxb*","Angelo Ogbonna","WHU","D","337","FA","WHU 1<br/>@BHA 3 F","49.22","-","-","0","0","0","0","0","0","0","0","0","0"
"*05u94*","Michael Olise","CRY","M,F","215","FA","MUN 0<br/>@CRY 1 F","49.22","-","-","0","0","0","0","0","0","0","0","0","0"
"*05trt*","Andrew Omobamidele","NOR","D","412","FA","TOT 5<br/>@NOR 0 F","49.22","-","-","0","0","0","0","0","0","0","0","0","0"
"*05r93*","Tyler Onyango","EVE","M","506","FA","EVE 1<br/>@ARS 5 F","49.22","-","-","0","0","0","0","0","0","0","0","0","0"
"*03pie*","Divock Origi","LIV","F","408","FA","WOL 1<br/>@LIV 3 F","49.22","-","-","0","0","0","0","0","0","0","0","0","0"
"*05xtp*","Salah-Eddine Oulad M'hand","ARS","M","699","FA","EVE 1<br/>@ARS 5 F","49.22","-","-","0","0","0","0","0","0","0","0","0","0"
"*05nnt*","Daniel Oyegoke","ARS/BRF","D","700","FA","LEE 2<br/>@BRF 1 F","49.22","-","-","0","0","0","0","0","0","0","0","0","0"
"*05l8q*","Cole Palmer","MCI","M","461","FA","AVL 2<br/>@MCI 3 F","49.22","-","-","0","0","0","0","0","0","0","0","0","0"
"*05nuf*","Myles Peart-Harris","BRF","M","704","FA","LEE 2<br/>@BRF 1 F","49.22","-","-","0","0","0","0","0","0","0","0","0","0"
"*056iy*","Pedro Neto","WOL","M,F","399","FA","WOL 1<br/>@LIV 3 F","49.22","-","-","0","0","0","0","0","0","0","0","0","0"
"*03eke*","Ayoze Perez","LEI","M,F","364","FA","SOU 1<br/>@LEI 4 F","49.22","-","-","0","0","0","0","0","0","0","0","0","0"
"*05y2h*","Sonny Perkins","WHU","M","510","FA","WHU 1<br/>@BHA 3 F","49.22","-","-","0","0","0","0","0","0","0","0","0","0"
"*05u5e*","Romain Perraud","SOU","D,M","300","FA","SOU 1<br/>@LEI 4 F","49.22","-","-","0","0","0","0","0","0","0","0","0","0"
"*05n03*","Kalvin Phillips","LEE","D,M","277","FA","LEE 2<br/>@BRF 1 F","49.22","-","-","0","0","0","0","0","0","0","0","0","0"
"*04rxe*","Nathaniel Phillips","LIV","D","705","FA","WOL 1<br/>@LIV 3 F","49.22","-","-","0","0","0","0","0","0","0","0","0","0"
"*05rff*","Jaden Philogene-Bidace","AVL","M","512","FA","AVL 2<br/>@MCI 3 F","49.22","-","-","0","0","0","0","0","0","0","0","0","0"
"*032ab*","Erik Pieters","BUR","D","356","FA","NEW 2<br/>@BUR 1 F","49.22","-","-","0","0","0","0","0","0","0","0","0","0"
"*05tr1*","Ethan Pinnock","BRF","D","53","FA","LEE 2<br/>@BRF 1 F","49.22","-","-","0","0","0","0","0","0","0","0","0","0"
"*02lnq*","Paul Pogba","MUN","M","183","FUG","MUN 0<br/>@CRY 1 F","49.22","-","-","0","0","0","0","0","0","0","0","0","0"
"*05y5b*","Freddie Potts","WHU","M","707","FA","WHU 1<br/>@BHA 3 F","49.22","-","-","0","0","0","0","0","0","0","0","0","0"
"*04yim*","Christian Pulisic","CHE","M,F","190","FA","WAT 1<br/>@CHE 2 F","49.22","-","-","0","0","0","0","0","0","0","0","0","0"
"*05udh*","Luka Racic","BRF","D","711","FA","LEE 2<br/>@BRF 1 F","49.22","-","-","0","0","0","0","0","0","0","0","0","0"
"*05rjn*","Jesurun Rak-Sakyi","CRY","M","478","FA","MUN 0<br/>@CRY 1 F","49.22","-","-","0","0","0","0","0","0","0","0","0","0"
"*05vyc*","Aaron Ramsey","AVL","M","712","FA","AVL 2<br/>@MCI 3 F","49.22","-","-","0","0","0","0","0","0","0","0","0","0"
"*05twm*","Milot Rashica","NOR","M,F","180","FA","TOT 5<br/>@NOR 0 F","49.22","-","-","0","0","0","0","0","0","0","0","0","0"
"*02ono*","Winston Reid","WHU","D","714","FA","WHU 1<br/>@BHA 3 F","49.22","-","-","0","0","0","0","0","0","0","0","0","0"
"*04qfy*","Ricardo Pereira","LEI","D,M","279","FA","SOU 1<br/>@LEI 4 F","49.22","-","-","0","0","0","0","0","0","0","0","0","0"
"*058vg*","Lewis Richardson","BUR","M","715","FA","NEW 2<br/>@BUR 1 F","49.22","-","-","0","0","0","0","0","0","0","0","0","0"
"*04gyz*","Jairo Riedewald","CRY","M","471","FA","MUN 0<br/>@CRY 1 F","49.22","-","-","0","0","0","0","0","0","0","0","0","0"
"*03rxz*","Roberto Firmino","LIV","F","226","FA","WOL 1<br/>@LIV 3 F","49.22","-","-","0","0","0","0","0","0","0","0","0","0"
"*04azm*","Connor Roberts","SWA/BUR","D","263","NIM","NEW 2<br/>@BUR 1 F","49.22","-","-","0","0","0","0","0","0","0","0","0","0"
"*05nnx*","Rodrigo","LEE","M,F","210","KLI","LEE 2<br/>@BRF 1 F","49.22","-","-","0","0","0","0","0","0","0","0","0","0"
"*02m87*","Oriol Romeu","SOU","M","117","RED","SOU 1<br/>@LEI 4 F","49.22","-","-","0","0","0","0","0","0","0","0","0","0"
"*02lp2*","Danny Rose","WAT","D","427","FA","WAT 1<br/>@CHE 2 F","49.22","-","-","0","0","0","0","0","0","0","0","0","0"
"*05n5p*","Mohammed Salisu","SOU","D","115","KLI","SOU 1<br/>@LEI 4 F","49.22","-","-","0","0","0","0","0","0","0","0","0","0"
"*05748*","Ismaila Sarr","WAT","M,F","161","FA","WAT 1<br/>@CHE 2 F","49.22","-","-","0","0","0","0","0","0","0","0","0","0"
"*05nsf*","Malang Sarr","CHE","D","371","FA","WAT 1<br/>@CHE 2 F","49.22","-","-","0","0","0","0","0","0","0","0","0","0"
"*05y58*","Charlie Savage","MUN","M","724","FA","MUN 0<br/>@CRY 1 F","49.22","-","-","0","0","0","0","0","0","0","0","0","0"
"*02oq6*","Luke Shaw","MUN","D,M","308","FA","MUN 0<br/>@CRY 1 F","49.22","-","-","0","0","0","0","0","0","0","0","0","0"
"*05rdx*","Shola Shoretire","MUN","F","498","FA","MUN 0<br/>@CRY 1 F","49.22","-","-","0","0","0","0","0","0","0","0","0","0"
"*05ts0*","Francisco Sierralta","WAT","D","416","FA","WAT 1<br/>@CHE 2 F","49.22","-","-","0","0","0","0","0","0","0","0","0","0"
"*02m2u*","Gylfi Sigurdsson","EVE","M,F","727","FA","EVE 1<br/>@ARS 5 F","49.22","-","-","0","0","0","0","0","0","0","0","0","0"
"*05m9r*","Ellis Simms","EVE","F","488","FA","EVE 1<br/>@ARS 5 F","49.22","-","-","0","0","0","0","0","0","0","0","0","0"
"*05y5c*","Kamarai Simon-Swyer","WHU","F","729","FA","WHU 1<br/>@BHA 3 F","49.22","-","-","0","0","0","0","0","0","0","0","0","0"
"*05r92*","Thierry Small","EVE/SOU","D","733","FA","SOU 1<br/>@LEI 4 F","49.22","-","-","0","0","0","0","0","0","0","0","0","0"
"*0554t*","William Smallbone","SOU","M","466","FA","SOU 1<br/>@LEI 4 F","49.22","-","-","0","0","0","0","0","0","0","0","0","0"
"*04sat*","Emile Smith Rowe","ARS","M","72","MOV","EVE 1<br/>@ARS 5 F","49.22","-","-","0","0","0","0","0","0","0","0","0","0"
"*04e1h*","Dale Stephens","BUR","M","495","FA","NEW 2<br/>@BUR 1 F","49.22","-","-","0","0","0","0","0","0","0","0","0","0"
"*05trg*","Finley Stevens","BRF","D,M","487","FA","LEE 2<br/>@BRF 1 F","49.22","-","-","0","0","0","0","0","0","0","0","0","0"
"*02yl5*","John Stones","MCI","D","186","RED","AVL 2<br/>@MCI 3 F","49.22","-","-","0","0","0","0","0","0","0","0","0","0"
"*05up7*","Robert Street","CRY","F","739","FA","MUN 0<br/>@CRY 1 F","49.22","-","-","0","0","0","0","0","0","0","0","0","0"
"*05mzz*","Pascal Struijk","LEE","D,M","238","FA","LEE 2<br/>@BRF 1 F","49.22","-","-","0","0","0","0","0","0","0","0","0","0"
"*05rip*","Thanawat Suengchitthawon","LEI","M","740","FA","SOU 1<br/>@LEI 4 F","49.22","-","-","0","0","0","0","0","0","0","0","0","0"
"*05rl4*","Crysencio Summerville","LEE","M","460","FA","LEE 2<br/>@BRF 1 F","49.22","-","-","0","0","0","0","0","0","0","0","0","0"
"*05r3z*","Sil Swinkels","AVL","D","742","FA","AVL 2<br/>@MCI 3 F","49.22","-","-","0","0","0","0","0","0","0","0","0","0"
"*05l2z*","Bobby Thomas","BUR","D","743","FA","NEW 2<br/>@BUR 1 F","49.22","-","-","0","0","0","0","0","0","0","0","0","0"
"*052h4*","Dominic Thompson","BRF","D,M","484","FA","LEE 2<br/>@BRF 1 F","49.22","-","-","0","0","0","0","0","0","0","0","0","0"
"*05y5y*","Jonathan Tomkinson","NOR","D","744","FA","TOT 5<br/>@NOR 0 F","49.22","-","-","0","0","0","0","0","0","0","0","0","0"
"*03v6w*","Ivan Toney","BRF","F","14","SJB","LEE 2<br/>@BRF 1 F","49.22","-","-","0","0","0","0","0","0","0","0","0","0"
"*04ml9*","Cenk Tosun","EVE","F","520","FA","EVE 1<br/>@ARS 5 F","49.22","-","-","0","0","0","0","0","0","0","0","0","0"
"*035n1*","Bertrand Traore","AVL","M,F","434","FA","AVL 2<br/>@MCI 3 F","49.22","-","-","0","0","0","0","0","0","0","0","0","0"
"*0554u*","Trezeguet","AVL","M,F","497","FA","AVL 2<br/>@MCI 3 F","49.22","-","-","0","0","0","0","0","0","0","0","0","0"
"*05n3v*","Konstantinos Tsimikas","LIV","D","319","FA","WOL 1<br/>@LIV 3 F","49.22","-","-","0","0","0","0","0","0","0","0","0","0"
"*03xrs*","Axel Tuanzebe","AVL","D","402","FA","AVL 2<br/>@MCI 3 F","49.22","-","-","0","0","0","0","0","0","0","0","0","0"
"*05uwf*","Ozan Tufan","WAT","M","449","FA","WAT 1<br/>@CHE 2 F","49.22","-","-","1","0","0","0","0","0","0","0","0","0"
"*05uox*","Christos Tzolis","NOR","M,F","439","FA","TOT 5<br/>@NOR 0 F","49.22","-","-","0","0","0","0","0","0","0","0","0","0"
"*05nue*","Harvey Vale","CHE","M","749","FA","WAT 1<br/>@CHE 2 F","49.22","-","-","0","0","0","0","0","0","0","0","0","0"
"*0452p*","Yan Valery","SOU","D","419","FA","SOU 1<br/>@LEI 4 F","49.22","-","-","0","0","0","0","0","0","0","0","0","0"
"*05up6*","Raphael Varane","MUN","D","174","PMP","MUN 0<br/>@CRY 1 F","49.22","-","-","0","0","0","0","0","0","0","0","0","0"
"*03dyk*","Jamie Vardy","LEI","F","81","SJB","SOU 1<br/>@LEI 4 F","49.22","-","-","0","0","0","0","0","0","0","0","0","0"
"*04s60*","Jannik Vestergaard","LEI","D","390","FA","SOU 1<br/>@LEI 4 F","49.22","-","-","0","0","0","0","0","0","0","0","0","0"
"*02lzn*","Theo Walcott","SOU","M,F","445","FA","SOU 1<br/>@LEI 4 F","49.22","-","-","0","0","0","0","0","0","0","0","0","0"
"*02lp9*","Kyle Walker","MCI","D","228","FA","AVL 2<br/>@MCI 3 F","49.22","-","-","0","0","0","0","0","0","0","0","0","0"
"*04adp*","Aaron Wan-Bissaka","MUN","D,M","213","FA","MUN 0<br/>@CRY 1 F","49.22","-","-","0","0","0","0","0","0","0","0","0","0"
"*05rka*","Reece Welch","EVE","D","752","FA","EVE 1<br/>@ARS 5 F","49.22","-","-","0","0","0","0","0","0","0","0","0","0"
"*05uh1*","Charlie Whitaker","EVE","M","754","FA","EVE 1<br/>@ARS 5 F","49.22","-","-","0","0","0","0","0","0","0","0","0","0"
"*05wqy*","Joe White","NEW","M","756","FA","NEW 2<br/>@BUR 1 F","49.22","-","-","0","0","0","0","0","0","0","0","0","0"
"*059j3*","Brandon Williams","MUN/NOR","D","232","FA","TOT 5<br/>@NOR 0 F","49.22","-","-","0","0","0","0","0","0","0","0","0","0"
"*05a6e*","Neco Williams","LIV","D","470","FA","WOL 1<br/>@LIV 3 F","49.22","-","-","0","0","0","0","0","0","0","0","0","0"
"*05wwd*","Joshua Wilson-Esbrand","MCI","D","760","FA","AVL 2<br/>@MCI 3 F","49.22","-","-","0","0","0","0","0","0","0","0","0","0"
"*05y4x*","Max Woltman","LIV","F","761","FA","WOL 1<br/>@LIV 3 F","49.22","-","-","0","0","0","0","0","0","0","0","0","0"
"*04s1e*","Andriy Yarmolenko","WHU","F","422","FA","WHU 1<br/>@BHA 3 F","49.22","-","-","0","0","0","0","0","0","0","0","0","0"
"*05y3r*","Nathan Young-Coombes","BRF","F","523","FA","LEE 2<br/>@BRF 1 F","49.22","-","-","0","0","0","0","0","0","0","0","0","0"
"*05trf*","Jan Zamburek","BRF","M","762","FA","LEE 2<br/>@BRF 1 F","49.22","-","-","0","0","0","0","0","0","0","0","0","0"
"*04fyg*","Zanka","HUD/BRF","D","406","FA","LEE 2<br/>@BRF 1 F","49.22","-","-","0","0","0","0","0","0","0","0","0","0"
"*05y59*","Zidane Iqbal","MUN","M","636","FA","MUN 0<br/>@CRY 1 F","49.22","-","-","0","0","0","0","0","0","0","0","0","0"
"*051kc*","Christoph Zimmermann","NOR","D","452","FA","TOT 5<br/>@NOR 0 F","49.22","-","-","0","0","0","0","0","0","0","0","0","0"
"*05mxb*","Hakim Ziyech","CHE","M,F","175","FUG","WAT 1<br/>@CHE 2 F","49.22","-","-","0","0","0","0","0","0","0","0","0","0"
"*03arh*","Kurt Zouma","CHE/WHU","D","247","FA","WHU 1<br/>@BHA 3 F","49.22","-","-","0","0","0","0","0","0","0","0","0","0"
"*05n05*","Jamie Shackleton","LEE","D,M","386","FA","LEE 2<br/>@BRF 1 F","48.15","-","-","1","0","0","0","0","1","9","0","1","0"
"*04qrc*","Raul Jimenez","WOL","F","107","FUG","WOL 1<br/>@LIV 3 F","48.03","-","-","1","0","0","0","0","3","8","1","3","0"
"*05ue7*","Frank Onyeka","BRF","M","330","FA","LEE 2<br/>@BRF 1 F","47.47","-","-","1","0","0","0","0","1","6","0","1","0"
"*05ubg*","Pierre Lees-Melou","NOR","M","227","FA","TOT 5<br/>@NOR 0 F","46.28","-","-","1","0","0","0","0","1","9","0","0","0"
"*05ymb*","Tayo Adaramola","CRY","D","535","FA","MUN 0<br/>@CRY 1 F","0","-","-","0","0","0","0","0","0","0","0","0","0"
"*05u1n*","Derek Agyakwa","WAT","D","536","FA","WAT 1<br/>@CHE 2 F","0","-","-","0","0","0","0","0","0","0","0","0","0"
"*05yi6*","Ryan Alebiousu","ARS","D","537","FA","EVE 1<br/>@ARS 5 F","0","-","-","0","0","0","0","0","0","0","0","0","0"
"*060wh*","Alejandro Garnacho","MUN","M","513","FA","MUN 0<br/>@CRY 1 F","0","-","-","0","0","0","0","0","0","0","0","0","0"
"*03mml*","Dele Alli","TOT/EVE","M","348","FA","EVE 1<br/>@ARS 5 F","0","-","-","0","0","0","0","0","0","0","0","0","0"
"*05vyk*","Jaime Alvarado","WAT","M","539","FA","WAT 1<br/>@CHE 2 F","0","-","-","0","0","0","0","0","0","0","0","0","0"
"*05ye6*","Will Alves","LEI","F","540","FA","SOU 1<br/>@LEI 4 F","0","-","-","0","0","0","0","0","0","0","0","0","0"
"*058vf*","Steven Alzate","BHA","M","415","FA","WHU 1<br/>@BHA 3 F","0","-","-","0","0","0","0","0","0","0","0","0","0"
"*04lav*","Ethan Ampadu","CHE","D,M","541","FA","WAT 1<br/>@CHE 2 F","0","-","-","0","0","0","0","0","0","0","0","0","0"
"*05vyh*","Andy Moran","BHA","M","679","FA","WHU 1<br/>@BHA 3 F","0","-","-","0","0","0","0","0","0","0","0","0","0"
"*059j0*","Faustino Anjorin","CHE","M","544","FA","WAT 1<br/>@CHE 2 F","0","-","-","0","0","0","0","0","0","0","0","0","0"
"*0522i*","Billy Arce","BHA","M","546","FA","WHU 1<br/>@BHA 3 F","0","-","-","0","0","0","0","0","0","0","0","0","0"
"*05ret*","Ryan Astley","EVE","D","547","FA","EVE 1<br/>@ARS 5 F","0","-","-","0","0","0","0","0","0","0","0","0","0"
"*04kj7*","Serge Aurier","TOT","D","548","FA","TOT 5<br/>@NOR 0 F","0","-","-","0","0","0","0","0","0","0","0","0","0"
"*05yo0*","Zach Awe","ARS","D","550","FA","EVE 1<br/>@ARS 5 F","0","-","-","0","0","0","0","0","0","0","0","0","0"
"*05nnv*","Miguel Azeez","ARS","M","551","FA","EVE 1<br/>@ARS 5 F","0","-","-","0","0","0","0","0","0","0","0","0","0"
"*038zh*","Lewis Baker","CHE","M","553","FA","WAT 1<br/>@CHE 2 F","0","-","-","0","0","0","0","0","0","0","0","0","0"
"*0522g*","Tudor Baluta","BHA","D","556","FA","WHU 1<br/>@BHA 3 F","0","-","-","0","0","0","0","0","0","0","0","0","0"
"*0326y*","Hector Bellerin","ARS","D,M","561","FA","EVE 1<br/>@ARS 5 F","0","-","-","0","0","0","0","0","0","0","0","0","0"
"*05uwe*","J'Neil Bennett","TOT","F","563","FA","TOT 5<br/>@NOR 0 F","0","-","-","0","0","0","0","0","0","0","0","0","0"
"*05ylw*","Rodrigo Bentancur","TOT","M","270","SJB","TOT 5<br/>@NOR 0 F","0","-","-","0","0","0","0","0","0","0","0","0","0"
"*05gcn*","Steven Bergwijn","TOT","M,F","339","FA","TOT 5<br/>@NOR 0 F","0","-","-","0","0","0","0","0","0","0","0","0","0"
"*05yez*","Mika Biereth","ARS","F","566","FA","EVE 1<br/>@ARS 5 F","0","-","-","0","0","0","0","0","0","0","0","0","0"
"*04sft*","Yves Bissouma","BHA","M","196","FA","WHU 1<br/>@BHA 3 F","0","-","-","0","0","0","0","0","0","0","0","0","0"
"*061bq*","Adrian Blake","WAT","M","568","FA","WAT 1<br/>@CHE 2 F","0","-","-","0","0","0","0","0","0","0","0","0","0"
"*05ye7*","Oscar Bobb","MCI","M","569","FA","AVL 2<br/>@MCI 3 F","0","-","-","0","0","0","0","0","0","0","0","0","0"
"*04tsg*","Jamie Bowden","TOT","M","571","FA","TOT 5<br/>@NOR 0 F","0","-","-","0","0","0","0","0","0","0","0","0","0"
"*05ye5*","Sammy Braybrooke","LEI","M","573","FA","SOU 1<br/>@LEI 4 F","0","-","-","0","0","0","0","0","0","0","0","0","0"
"*05ylj*","Bruno Guimaraes","NEW","M","195","NIM","NEW 2<br/>@BUR 1 F","0","-","-","0","0","0","0","0","0","0","0","0","0"
"*056ix*","Bruno Jordao","WOL","M","578","FA","WOL 1<br/>@LIV 3 F","0","-","-","0","0","0","0","0","0","0","0","0","0"
"*02lsa*","Dan Burn","BHA/NEW","D,M","157","ADB","NEW 2<br/>@BUR 1 F","0","-","-","0","0","0","0","0","0","0","0","0","0"
"*05rb8*","Moises Caicedo","BHA","M","360","FA","WHU 1<br/>@BHA 3 F","0","-","-","0","0","0","0","0","0","0","0","0","0"
"*03yik*","Cameron Carter-Vickers","TOT","D","577","FA","TOT 5<br/>@NOR 0 F","0","-","-","0","0","0","0","0","0","0","0","0","0"
"*05udv*","Kallum Cesay","TOT","D,M","579","FA","TOT 5<br/>@NOR 0 F","0","-","-","0","0","0","0","0","0","0","0","0","0"
"*02m7d*","Nathaniel Chalobah","WAT","M","580","FA","WAT 1<br/>@CHE 2 F","0","-","-","0","0","0","0","0","0","0","0","0","0"
"*05r39*","Kgaogelo Chauke","SOU","M","581","FA","SOU 1<br/>@LEI 4 F","0","-","-","0","0","0","0","0","0","0","0","0","0"
"*05ygj*","Chiquinho","WOL","F","384","FA","WOL 1<br/>@LIV 3 F","0","-","-","0","0","0","0","0","0","0","0","0","0"
"*05r43*","Benjamin Chrisene","AVL","M","522","FA","AVL 2<br/>@MCI 3 F","0","-","-","0","0","0","0","0","0","0","0","0","0"
"*052jy*","Christian Marques","WOL","D","666","FA","WOL 1<br/>@LIV 3 F","0","-","-","0","0","0","0","0","0","0","0","0","0"
"*05244*","Jack Clarke","TOT","F","583","FA","TOT 5<br/>@NOR 0 F","0","-","-","0","0","0","0","0","0","0","0","0","0"
"*04k4j*","Aaron Connolly","BHA","F","468","FA","WHU 1<br/>@BHA 3 F","0","-","-","0","0","0","0","0","0","0","0","0","0"
"*05ya5*","Kamil Conteh","WAT","M","584","FA","WAT 1<br/>@CHE 2 F","0","-","-","0","0","0","0","0","0","0","0","0","0"
"*060y3*","Dara Costelloe","BUR","F","585","FA","NEW 2<br/>@BUR 1 F","0","-","-","0","0","0","0","0","0","0","0","0","0"
"*04xjt*","Conor Coventry","WHU","M","586","FA","WHU 1<br/>@BHA 3 F","0","-","-","0","0","0","0","0","0","0","0","0","0"
"*05uwc*","Matthew Craig","TOT","M","588","FA","TOT 5<br/>@NOR 0 F","0","-","-","0","0","0","0","0","0","0","0","0","0"
"*05uwd*","Michael Craig","TOT","M","589","FA","TOT 5<br/>@NOR 0 F","0","-","-","0","0","0","0","0","0","0","0","0","0"
"*05w9i*","Marc Cucurella","BHA","D,M","68","NOAD","WHU 1<br/>@BHA 3 F","0","-","-","0","0","0","0","0","0","0","0","0","0"
"*061br*","Tiago Cukur","WAT","F","590","FA","WAT 1<br/>@CHE 2 F","0","-","-","0","0","0","0","0","0","0","0","0","0"
"*02oo1*","Ben Davies","TOT","D","103","SJB","TOT 5<br/>@NOR 0 F","0","-","-","0","0","0","0","0","0","0","0","0","0"
"*05zd7*","Lucas De Bolle","NEW","M","593","FA","NEW 2<br/>@BUR 1 F","0","-","-","0","0","0","0","0","0","0","0","0","0"
"*05oig*","Liam Delap","MCI","F","507","FA","AVL 2<br/>@MCI 3 F","0","-","-","0","0","0","0","0","0","0","0","0","0"
"*05oh1*","Lars Dendoncker","BHA","D,M","594","FA","WHU 1<br/>@BHA 3 F","0","-","-","0","0","0","0","0","0","0","0","0","0"
"*05u44*","Halil Dervisoglu","BRF","F","595","FA","LEE 2<br/>@BRF 1 F","0","-","-","0","0","0","0","0","0","0","0","0","0"
"*05nio*","Alfie Devine","TOT","M","596","FA","TOT 5<br/>@NOR 0 F","0","-","-","0","0","0","0","0","0","0","0","0","0"
"*05yld*","Luis Diaz","LIV","F","194","ADB","WOL 1<br/>@LIV 3 F","0","-","-","0","0","0","0","0","0","0","0","0","0"
"*06195*","Tyler Dibling","SOU","M","598","FA","SOU 1<br/>@LEI 4 F","0","-","-","0","0","0","0","0","0","0","0","0","0"
"*05try*","Thomas Dickson-Peters","NOR","F","599","FA","TOT 5<br/>@NOR 0 F","0","-","-","0","0","0","0","0","0","0","0","0","0"
"*02lpn*","Eric Dier","TOT","D,M","111","ADB","TOT 5<br/>@NOR 0 F","0","-","-","0","0","0","0","0","0","0","0","0","0"
"*02m11*","Matt Doherty","TOT","D,M","255","FA","TOT 5<br/>@NOR 0 F","0","-","-","0","0","0","0","0","0","0","0","0","0"
"*052k8*","Tommy Doyle","MCI","M","602","FA","AVL 2<br/>@MCI 3 F","0","-","-","0","0","0","0","0","0","0","0","0","0"
"*02lpr*","Shane Duffy","BHA","D","248","FA","WHU 1<br/>@BHA 3 F","0","-","-","0","0","0","0","0","0","0","0","0","0"
"*04e1c*","Lewis Dunk","BHA","D","154","NIM","WHU 1<br/>@BHA 3 F","0","-","-","0","0","0","0","0","0","0","0","0","0"
"*05yf8*","Pierre Ekwah","WHU","D","604","FA","WHU 1<br/>@BHA 3 F","0","-","-","0","0","0","0","0","0","0","0","0","0"
"*05w9m*","Emerson Royal","TOT","D,M","120","RED","TOT 5<br/>@NOR 0 F","0","-","-","0","0","0","0","0","0","0","0","0","0"
"*037wp*","Christian Eriksen","TOT/BRF","M","299","BAR","LEE 2<br/>@BRF 1 F","0","-","-","0","0","0","0","0","0","0","0","0","0"
"*05h02*","Malachi Fagan-Walcott","TOT","D","607","FA","TOT 5<br/>@NOR 0 F","0","-","-","0","0","0","0","0","0","0","0","0","0"
"*05yc5*","Josh Feeney","AVL","M","608","FA","AVL 2<br/>@MCI 3 F","0","-","-","0","0","0","0","0","0","0","0","0","0"
"*05vyj*","Evan Ferguson","BHA","F","511","FA","WHU 1<br/>@BHA 3 F","0","-","-","0","0","0","0","0","0","0","0","0","0"
"*060yz*","Alvaro Fernandez","MUN","D","609","FA","MUN 0<br/>@CRY 1 F","0","-","-","0","0","0","0","0","0","0","0","0","0"
"*060uo*","Marcelo Flores","ARS","M","610","FA","EVE 1<br/>@ARS 5 F","0","-","-","0","0","0","0","0","0","0","0","0","0"
"*05ye9*","Shaqai Forde","WAT","M","611","FA","WAT 1<br/>@CHE 2 F","0","-","-","0","0","0","0","0","0","0","0","0","0"
"*05yf1*","Melkamu Frauendorf","LIV","M","612","FA","WOL 1<br/>@LIV 3 F","0","-","-","0","0","0","0","0","0","0","0","0","0"
"*05vyf*","James Furlong","BHA","D","613","FA","WHU 1<br/>@BHA 3 F","0","-","-","0","0","0","0","0","0","0","0","0","0"
"*05yf2*","Liam Gibbs","NOR","M","614","FA","TOT 5<br/>@NOR 0 F","0","-","-","0","0","0","0","0","0","0","0","0","0"
"*04qr9*","Morgan Gibbs-White","WOL","M","528","FA","WOL 1<br/>@LIV 3 F","0","-","-","0","0","0","0","0","0","0","0","0","0"
"*05uh9*","Bryan Gil","TOT","F","454","FA","TOT 5<br/>@NOR 0 F","0","-","-","0","0","0","0","0","0","0","0","0","0"
"*04sjv*","Ryan Giles","WOL","M","615","FA","WOL 1<br/>@LIV 3 F","0","-","-","0","0","0","0","0","0","0","0","0","0"
"*0427g*","Andre Gray","WAT","F","620","FA","WAT 1<br/>@CHE 2 F","0","-","-","0","0","0","0","0","0","0","0","0","0"
"*05y7c*","Archie Gray","LEE","M","621","FA","LEE 2<br/>@BRF 1 F","0","-","-","0","0","0","0","0","0","0","0","0","0"
"*061bs*","Jack Grieves","WAT","F","622","FA","WAT 1<br/>@CHE 2 F","0","-","-","0","0","0","0","0","0","0","0","0","0"
"*04fk1*","Pascal Gross","BHA","M,F","206","FA","WHU 1<br/>@BHA 3 F","0","-","-","0","0","0","0","0","0","0","0","0","0"
"*05229*","Frederic Guilbert","AVL","D","623","FA","AVL 2<br/>@MCI 3 F","0","-","-","0","0","0","0","0","0","0","0","0","0"
"*05y9n*","Lewis Hall","CHE","M","625","FA","WAT 1<br/>@CHE 2 F","0","-","-","0","0","0","0","0","0","0","0","0","0"
"*05rey*","Kaine Hayden","AVL","D,M","628","FA","AVL 2<br/>@MCI 3 F","0","-","-","0","0","0","0","0","0","0","0","0","0"
"*04qrf*","Helder Costa","LEE","M,F","493","FA","LEE 2<br/>@BRF 1 F","0","-","-","0","0","0","0","0","0","0","0","0","0"
"*05ye2*","Mark Helm","BUR","M","632","FA","NEW 2<br/>@BUR 1 F","0","-","-","0","0","0","0","0","0","0","0","0","0"
"*043qz*","Pierre-Emile Hojbjerg","TOT","M","58","RED","TOT 5<br/>@NOR 0 F","0","-","-","0","0","0","0","0","0","0","0","0","0"
"*05ubv*","Omari Hutchinson","ARS","M","635","FA","EVE 1<br/>@ARS 5 F","0","-","-","0","0","0","0","0","0","0","0","0","0"
"*05rei*","Nile John","TOT","M","640","FA","TOT 5<br/>@NOR 0 F","0","-","-","0","0","0","0","0","0","0","0","0","0"
"*05yjo*","Samuel Kalu","WAT","F","446","FA","WAT 1<br/>@CHE 2 F","0","-","-","0","0","0","0","0","0","0","0","0","0"
"*060u6*","Abu Kamara","NOR","D","641","FA","TOT 5<br/>@NOR 0 F","0","-","-","0","0","0","0","0","0","0","0","0","0"
"*05ycu*","Hassane Kamara","WAT","D","275","FA","WAT 1<br/>@CHE 2 F","0","-","-","0","0","0","0","0","0","0","0","0","0"
"*02lol*","Harry Kane","TOT","F","3","PMP","TOT 5<br/>@NOR 0 F","0","-","-","0","0","0","0","0","0","0","0","0","0"
"*05r8c*","Michal Karbownik","BHA","D","642","FA","WHU 1<br/>@BHA 3 F","0","-","-","0","0","0","0","0","0","0","0","0","0"
"*05ycv*","Hayao Kawabe","WOL","M","644","FA","WOL 1<br/>@LIV 3 F","0","-","-","0","0","0","0","0","0","0","0","0","0"
"*05ydk*","Edo Kayembe","WAT","M","350","FA","WAT 1<br/>@CHE 2 F","0","-","-","0","0","0","0","0","0","0","0","0","0"
"*05ya1*","Kayky","MCI","F","514","FA","AVL 2<br/>@MCI 3 F","0","-","-","0","0","0","0","0","0","0","0","0","0"
"*03sin*","Kenedy","CHE","M","459","FA","WAT 1<br/>@CHE 2 F","0","-","-","0","0","0","0","0","0","0","0","0","0"
"*05ww4*","Nohan Kenneh","LEE","M","646","FA","LEE 2<br/>@BRF 1 F","0","-","-","0","0","0","0","0","0","0","0","0","0"
"*06130*","Alex Kirk","ARS","D","647","FA","EVE 1<br/>@ARS 5 F","0","-","-","0","0","0","0","0","0","0","0","0","0"
"*05a6f*","Billy Koumetio","LIV","D","648","FA","WOL 1<br/>@LIV 3 F","0","-","-","0","0","0","0","0","0","0","0","0","0"
"*05ylx*","Dejan Kulusevski","TOT","M,F","178","NOAD","TOT 5<br/>@NOR 0 F","0","-","-","0","0","0","0","0","0","0","0","0","0"
"*02opy*","Adam Lallana","BHA","M,F","290","FA","WHU 1<br/>@BHA 3 F","0","-","-","0","0","0","0","0","0","0","0","0","0"
"*05a6d*","Tariq Lamptey","BHA","D,M","211","FA","WHU 1<br/>@BHA 3 F","0","-","-","0","0","0","0","0","0","0","0","0","0"
"*05rdy*","Marcel Lavinier","TOT","D","652","FA","TOT 5<br/>@NOR 0 F","0","-","-","0","0","0","0","0","0","0","0","0","0"
"*05yf3*","Dexter Lembikisa","WOL","D","653","FA","WOL 1<br/>@LIV 3 F","0","-","-","0","0","0","0","0","0","0","0","0","0"
"*05vyi*","Marc Leonard","BHA","M","654","FA","WHU 1<br/>@BHA 3 F","0","-","-","0","0","0","0","0","0","0","0","0","0"
"*0574a*","Giovani Lo Celso","TOT","M","424","FA","TOT 5<br/>@NOR 0 F","0","-","-","0","0","0","0","0","0","0","0","0","0"
"*04mmw*","Jurgen Locadia","BHA","F","490","FA","WHU 1<br/>@BHA 3 F","0","-","-","0","0","0","0","0","0","0","0","0","0"
"*04mqz*","Lucas Moura","TOT","M,F","99","FA","TOT 5<br/>@NOR 0 F","0","-","-","0","0","0","0","0","0","0","0","0","0"
"*054p1*","Brooklyn Lyons-Foster","TOT","D","660","FA","TOT 5<br/>@NOR 0 F","0","-","-","0","0","0","0","0","0","0","0","0","0"
"*05yf0*","Isaac Mabaya","LIV","M","661","FA","WOL 1<br/>@LIV 3 F","0","-","-","0","0","0","0","0","0","0","0","0","0"
"*0522h*","Alexis Mac Allister","BHA","M,F","82","NIM","WHU 1<br/>@BHA 3 F","0","-","-","0","0","0","0","0","0","0","0","0","0"
"*05r2b*","Anthony Mancini","BUR","M","663","FA","NEW 2<br/>@BUR 1 F","0","-","-","0","0","0","0","0","0","0","0","0","0"
"*04e1k*","Solly March","BHA","M","231","FA","WHU 1<br/>@BHA 3 F","0","-","-","0","0","0","0","0","0","0","0","0","0"
"*05rej*","Dilan Markanday","TOT","F","665","FA","TOT 5<br/>@NOR 0 F","0","-","-","0","0","0","0","0","0","0","0","0","0"
"*052ju*","Matty Longstaff","NEW","M","659","FA","NEW 2<br/>@BUR 1 F","0","-","-","0","0","0","0","0","0","0","0","0","0"
"*056mf*","Neal Maupay","BHA","F","170","FA","WHU 1<br/>@BHA 3 F","0","-","-","0","0","0","0","0","0","0","0","0","0"
"*05ye3*","Joseph McGlynn","BUR","F","674","FA","NEW 2<br/>@BUR 1 F","0","-","-","0","0","0","0","0","0","0","0","0","0"
"*05r37*","Jakub Moder","BHA","M,F","244","FA","WHU 1<br/>@BHA 3 F","0","-","-","0","0","0","0","0","0","0","0","0","0"
"*05trn*","Jacob Montes","CRY","M","677","FA","MUN 0<br/>@CRY 1 F","0","-","-","0","0","0","0","0","0","0","0","0","0"
"*05y7b*","Kris Moore","LEE","D","678","FA","LEE 2<br/>@BRF 1 F","0","-","-","0","0","0","0","0","0","0","0","0","0"
"*05udw*","Romaine Mundle","TOT","M","683","FA","TOT 5<br/>@NOR 0 F","0","-","-","0","0","0","0","0","0","0","0","0","0"
"*05u79*","Enock Mwepu","BHA","M,F","280","FA","WHU 1<br/>@BHA 3 F","0","-","-","0","0","0","0","0","0","0","0","0","0"
"*05ybq*","Vitalii Mykolenko","EVE","D,M","332","MOV","EVE 1<br/>@ARS 5 F","0","-","-","0","0","0","0","0","0","0","0","0","0"
"*04qna*","Marc Navarro","WAT","D","684","FA","WAT 1<br/>@CHE 2 F","0","-","-","0","0","0","0","0","0","0","0","0","0"
"*05247*","Tanguy Ndombele","TOT","M","370","FA","TOT 5<br/>@NOR 0 F","0","-","-","0","0","0","0","0","0","0","0","0","0"
"*04ge8*","Reiss Nelson","ARS","F","500","FA","EVE 1<br/>@ARS 5 F","0","-","-","0","0","0","0","0","0","0","0","0","0"
"*05oel*","Niels Nkounkou","EVE","D","686","FA","EVE 1<br/>@ARS 5 F","0","-","-","0","0","0","0","0","0","0","0","0","0"
"*04mmx*","Michael Obafemi","SOU","F","690","FA","SOU 1<br/>@LEI 4 F","0","-","-","0","0","0","0","0","0","0","0","0","0"
"*05vyg*","Odeluga Offiah","BHA","D","692","FA","WHU 1<br/>@BHA 3 F","0","-","-","0","0","0","0","0","0","0","0","0","0"
"*060un*","Mazeed Ogungbo","ARS","D","693","FA","EVE 1<br/>@ARS 5 F","0","-","-","0","0","0","0","0","0","0","0","0","0"
"*03man*","Oluwaseyi Ojo","LIV","M","694","FA","WOL 1<br/>@LIV 3 F","0","-","-","0","0","0","0","0","0","0","0","0","0"
"*05y6s*","Armstrong Oko-Flex","WHU","F","695","FA","WHU 1<br/>@BHA 3 F","0","-","-","0","0","0","0","0","0","0","0","0","0"
"*05ye8*","Kazeem Olaigbe","SOU","F","697","FA","SOU 1<br/>@LEI 4 F","0","-","-","0","0","0","0","0","0","0","0","0","0"
"*05udu*","Tobi Omole","TOT","D","698","FA","TOT 5<br/>@NOR 0 F","0","-","-","0","0","0","0","0","0","0","0","0","0"
"*060g4*","Tommi O'Reilly","AVL","M","689","FA","AVL 2<br/>@MCI 3 F","0","-","-","0","0","0","0","0","0","0","0","0","0"
"*05udt*","Maksim Paskotsi","TOT","D","701","FA","TOT 5<br/>@NOR 0 F","0","-","-","0","0","0","0","0","0","0","0","0","0"
"*05y9e*","Charlie Patino","ARS","M","702","FA","EVE 1<br/>@ARS 5 F","0","-","-","0","0","0","0","0","0","0","0","0","0"
"*05yct*","Nathan Patterson","EVE","D","703","FA","EVE 1<br/>@ARS 5 F","0","-","-","0","0","0","0","0","0","0","0","0","0"
"*02yhi*","Philippe Coutinho","LIV/AVL","M,F","159","MOV","AVL 2<br/>@MCI 3 F","0","-","-","0","0","0","0","0","0","0","0","0","0"
"*05ylz*","Luke Plange","CRY","F","706","FA","MUN 0<br/>@CRY 1 F","0","-","-","0","0","0","0","0","0","0","0","0","0"
"*05795*","Dennis Praet","LEI","M,F","708","FA","SOU 1<br/>@LEI 4 F","0","-","-","0","0","0","0","0","0","0","0","0","0"
"*05rkb*","Isaac Price","EVE","M","519","FA","EVE 1<br/>@ARS 5 F","0","-","-","0","0","0","0","0","0","0","0","0","0"
"*05y7i*","Jarell Quansah","LIV","D","709","FA","WOL 1<br/>@LIV 3 F","0","-","-","0","0","0","0","0","0","0","0","0","0"
"*0452r*","Domingos Quina","WAT","M","710","FA","WAT 1<br/>@CHE 2 F","0","-","-","0","0","0","0","0","0","0","0","0","0"
"*05ohc*","Sergio Reguilon","TOT","D,M","147","FA","TOT 5<br/>@NOR 0 F","0","-","-","0","0","0","0","0","0","0","0","0","0"
"*04ym2*","Taylor Richards","BHA","M,F","480","FA","WHU 1<br/>@BHA 3 F","0","-","-","0","0","0","0","0","0","0","0","0","0"
"*058vc*","Haydon Roberts","BHA","D","716","FA","WHU 1<br/>@BHA 3 F","0","-","-","0","0","0","0","0","0","0","0","0","0"
"*03brm*","Patrick Roberts","MCI","M","717","FA","AVL 2<br/>@MCI 3 F","0","-","-","0","0","0","0","0","0","0","0","0","0"
"*03yqz*","Joe Rodon","TOT","D","458","FA","TOT 5<br/>@NOR 0 F","0","-","-","0","0","0","0","0","0","0","0","0","0"
"*05o8m*","James Rodriguez","EVE","M,F","718","FA","EVE 1<br/>@ARS 5 F","0","-","-","0","0","0","0","0","0","0","0","0","0"
"*05uoc*","Cristian Romero","TOT","D","168","FA","TOT 5<br/>@NOR 0 F","0","-","-","0","0","0","0","0","0","0","0","0","0"
"*05y6b*","Jonathan Rowe","NOR","F","433","FA","TOT 5<br/>@NOR 0 F","0","-","-","0","0","0","0","0","0","0","0","0","0"
"*05yd2*","Samir","WAT","D","287","FA","WAT 1<br/>@CHE 2 F","0","-","-","0","0","0","0","0","0","0","0","0","0"
"*04jyc*","Davinson Sanchez","TOT","D","143","PMP","TOT 5<br/>@NOR 0 F","0","-","-","0","0","0","0","0","0","0","0","0","0"
"*052jx*","Dion Sanderson","WOL","D","721","FA","WOL 1<br/>@LIV 3 F","0","-","-","0","0","0","0","0","0","0","0","0","0"
"*04tlz*","Philippe Sandler","MCI","D","722","FA","AVL 2<br/>@MCI 3 F","0","-","-","0","0","0","0","0","0","0","0","0","0"
"*05x9k*","Jeremy Sarmiento","BHA","F","474","FA","WHU 1<br/>@BHA 3 F","0","-","-","0","0","0","0","0","0","0","0","0","0"
"*05nip*","Dane Scarlett","TOT","F","508","FA","TOT 5<br/>@NOR 0 F","0","-","-","0","0","0","0","0","0","0","0","0","0"
"*04qfm*","Ryan Sessegnon","TOT","M","353","PMP","TOT 5<br/>@NOR 0 F","0","-","-","0","0","0","0","0","0","0","0","0","0"
"*05n3t*","Dynel Simeu","CHE/SOU","D","728","FA","SOU 1<br/>@LEI 4 F","0","-","-","0","0","0","0","0","0","0","0","0","0"
"*05y9l*","Xavier Simons","CHE","M","730","FA","WAT 1<br/>@CHE 2 F","0","-","-","0","0","0","0","0","0","0","0","0","0"
"*04t95*","Oliver Skipp","TOT","M","342","FA","TOT 5<br/>@NOR 0 F","0","-","-","0","0","0","0","0","0","0","0","0","0"
"*03v9d*","Son Heung-Min","TOT","M,F","6","ADB","TOT 5<br/>@NOR 0 F","0","-","-","0","0","0","0","0","0","0","0","0","0"
"*05y9o*","Jude Soonsup-Bell","CHE","F","735","FA","WAT 1<br/>@CHE 2 F","0","-","-","0","0","0","0","0","0","0","0","0","0"
"*05ues*","Kamal Sowah","LEI","M","736","FA","SOU 1<br/>@LEI 4 F","0","-","-","0","0","0","0","0","0","0","0","0","0"
"*060u7*","Tony Springett","NOR","M","475","FA","TOT 5<br/>@NOR 0 F","0","-","-","0","0","0","0","0","0","0","0","0","0"
"*060fg*","Zak Swanson","ARS","D","741","FA","EVE 1<br/>@ARS 5 F","0","-","-","0","0","0","0","0","0","0","0","0","0"
"*04tsd*","Japhet Tanganga","TOT","D","380","FA","TOT 5<br/>@NOR 0 F","0","-","-","0","0","0","0","0","0","0","0","0","0"
"*05yg5*","Toti","WOL","D","441","FA","WOL 1<br/>@LIV 3 F","0","-","-","0","0","0","0","0","0","0","0","0","0"
"*03dx3*","Kieran Trippier","TOT/NEW","D","362","BAR","NEW 2<br/>@BUR 1 F","0","-","-","0","0","0","0","0","0","0","0","0","0"
"*0520r*","Leandro Trossard","BHA","M,F","42","MOV","WHU 1<br/>@BHA 3 F","0","-","-","0","0","0","0","0","0","0","0","0","0"
"*05vye*","Antef Tsoungui","BHA","D","745","FA","WHU 1<br/>@BHA 3 F","0","-","-","0","0","0","0","0","0","0","0","0","0"
"*05x9j*","Ed Turns","BHA","D","746","FA","WHU 1<br/>@BHA 3 F","0","-","-","0","0","0","0","0","0","0","0","0","0"
"*05yly*","Deniz Undav","BHA","F","748","FA","WHU 1<br/>@BHA 3 F","0","-","-","0","0","0","0","0","0","0","0","0","0"
"*05mxa*","Joel Veltman","BHA","D,M","76","FA","WHU 1<br/>@BHA 3 F","0","-","-","0","0","0","0","0","0","0","0","0","0"
"*056ir*","Adam Webster","BHA","D","222","SJB","WHU 1<br/>@BHA 3 F","0","-","-","0","0","0","0","0","0","0","0","0","0"
"*05y9m*","Charlie Webster","CHE","M","751","FA","WAT 1<br/>@CHE 2 F","0","-","-","0","0","0","0","0","0","0","0","0","0"
"*05ylv*","Wout Weghorst","BUR","F","239","SJB","NEW 2<br/>@BUR 1 F","0","-","-","0","0","0","0","0","0","0","0","0","0"
"*02lnx*","Danny Welbeck","BHA","F","148","RED","WHU 1<br/>@BHA 3 F","0","-","-","0","0","0","0","0","0","0","0","0","0"
"*05ye4*","Jack Wells-Morrison","CRY","M","753","FA","MUN 0<br/>@CRY 1 F","0","-","-","0","0","0","0","0","0","0","0","0","0"
"*051wl*","Wesley","AVL","F","503","FA","AVL 2<br/>@MCI 3 F","0","-","-","0","0","0","0","0","0","0","0","0","0"
"*054p3*","Harvey White","TOT","M","755","FA","TOT 5<br/>@NOR 0 F","0","-","-","0","0","0","0","0","0","0","0","0","0"
"*060gq*","Dylan Williams","CHE","D","758","FA","WAT 1<br/>@CHE 2 F","0","-","-","0","0","0","0","0","0","0","0","0","0"
"*05oji*","Rhys Williams","LIV","D","759","FA","WOL 1<br/>@LIV 3 F","0","-","-","0","0","0","0","0","0","0","0","0","0"
"*03bwz*","Harry Winks","TOT","M","344","FA","TOT 5<br/>@NOR 0 F","0","-","-","0","0","0","0","0","0","0","0","0","0"
