"ID","Player","Team","Position","RkOv","Status","Opponent","Score","Ros","+/-","GP","G","KP","SOT","TkW","DPt2","AP","CoSF","AER","CSD"
"*03aqp*","Mohamed Salah","LIV","M,F","2","MOV","CRY 1<br/>@LIV 1 F","100","-","-","38","29","89","61","11","1","853","97","9","0"
"*05trb*","Bryan Mbeumo","BRF","M,F","3","BAR","BRF 1<br/>@WOL 1 F","99.67","-","-","38","20","70","41","31","3","807","96","35","0"
"*067yz*","Matheus Cunha","WOL","M,F","8","SJB","BRF 1<br/>@WOL 1 F","89.1","-","-","33","15","57","44","22","4","753","132","13","0"
"*05l8q*","Cole Palmer","CHE","M,F","10","NOAD","CHE 1<br/>@NOT 0 F","87.94","-","-","37","15","89","51","20","7","1,089","111","2","0"
"*068y0*","Antoine Semenyo","BOU","M,F","11","NIM","LEI 0<br/>@BOU 2 F","86.94","-","-","37","11","46","41","35","9","780","106","67","0"
"*0646f*","Alexander Isak","NEW","F","12","PMP","EVE 1<br/>@NEW 0 F","86.56","-","-","34","23","42","46","5","1","507","56","27","0"
"*046c5*","Jarrod Bowen","WHU","M,F","14","MOV","WHU 3<br/>@IPS 1 F","84.71","-","-","34","13","51","37","26","1","554","95","12","0"
"*06ex4*","Josko Gvardiol","MCI","D","15","RED","MCI 2<br/>@FUL 0 F","84.19","-","-","37","5","26","12","39","2","2,310","52","54","13"
"*05yld*","Luis Diaz","LIV","M,F","17","NIM","CRY 1<br/>@LIV 1 F","83.29","-","-","36","13","56","30","26","2","711","84","14","0"
"*05gcr*","Bruno Fernandes","MUN","M,F","19","KLI","AVL 0<br/>@MUN 2 F","81.35","-","-","36","8","91","29","50","9","1,647","68","23","0"
"*02m5b*","Chris Wood","NOT","F","20","SJB","CHE 1<br/>@NOT 0 F","80.42","-","-","36","20","22","35","5","1","314","28","94","0"
"*061vq*","Erling Haaland","MCI","F","21","PMP","MCI 2<br/>@FUL 0 F","79.73","-","-","31","22","29","60","6","2","253","26","57","0"
"*04qrc*","Raul Jimenez","FUL","F","23","W_W","MCI 2<br/>@FUL 0 F","79.01","-","-","38","12","24","33","24","4","449","62","92","0"
"*038ze*","Alex Iwobi","FUL","M,F","24","BAR","MCI 2<br/>@FUL 0 F","78.82","-","-","38","9","59","29","25","1","1,101","66","7","0"
"*05nt6*","Eberechi Eze","CRY","M,F","25","BAR","CRY 1<br/>@LIV 1 F","78.52","-","-","34","8","58","29","22","1","746","118","7","0"
"*062ci*","Kaoru Mitoma","BHA","M,F","26","KLI","BHA 4<br/>@TOT 1 F","77.86","-","-","36","10","37","27","27","1","719","76","27","0"
"*05uor*","Yoane Wissa","BRF","M,F","27","OSW","BRF 1<br/>@WOL 1 F","77.47","-","-","35","19","28","43","12","5","447","66","30","0"
"*04yo7*","Youri Tielemans","AVL","M,F","28","NIM","AVL 0<br/>@MUN 2 F","77.1","-","-","36","3","61","13","58","4","1,662","87","24","0"
"*067zv*","Kevin Schade","BRF","M,F","30","OSW","BRF 1<br/>@WOL 1 F","76.07","-","-","38","11","23","27","25","3","288","68","90","0"
"*05r8o*","Jean-Philippe Mateta","CRY","F","31","KLI","CRY 1<br/>@LIV 1 F","75.73","-","-","37","14","29","33","12","2","286","48","64","0"
"*05ocl*","Ollie Watkins","AVL","F","32","OSW","AVL 0<br/>@MUN 2 F","75.71","-","-","38","16","25","40","7","2","307","43","52","0"
"*05ylj*","Bruno Guimaraes","NEW","M","33","SJB","EVE 1<br/>@NEW 0 F","75.07","-","-","38","5","52","15","47","7","1,471","142","19","0"
"*04adp*","Aaron Wan-Bissaka","WHU","D,M","35","ACB","WHU 3<br/>@IPS 1 F","73.25","-","-","36","2","33","5","49","1","1,244","91","23","5"
"*068ym*","Enzo Fernandez","CHE","M","36","NOAD","CHE 1<br/>@NOT 0 F","72.3","-","-","36","6","79","20","33","8","1,489","80","15","0"
"*03srg*","Trent Alexander-Arnold","LIV","D","38","W_W","CRY 1<br/>@LIV 1 F","72.05","-","-","33","3","53","8","50","5","1,256","26","3","13"
"*05os4*","Rayan Ait-Nouri","WOL","D,M","39","OSW","BRF 1<br/>@WOL 1 F","71.14","-","-","37","4","46","13","57","8","1,194","109","22","0"
"*03vlj*","Virgil van Dijk","LIV","D","40","MOV","CRY 1<br/>@LIV 1 F","70.68","-","-","37","3","12","8","20","5","2,680","16","119","14"
"*0522h*","Alexis Mac Allister","LIV","M","42","FA","CRY 1<br/>@LIV 1 F","69.74","-","-","35","5","45","14","58","6","1,242","56","19","0"
"*06p4j*","Noussair Mazraoui","MUN","D,M","43","RED","AVL 0<br/>@MUN 2 F","69.34","-","-","37","0","20","3","68","3","1,368","51","51","7"
"*06jgi*","Daniel Munoz","CRY","D,M","44","RED","CRY 1<br/>@LIV 1 F","68.96","-","-","37","4","46","18","80","10","855","40","58","0"
"*05748*","Ismaila Sarr","CRY","F","45","W_W","CRY 1<br/>@LIV 1 F","68.9","-","-","38","8","44","29","10","4","476","73","37","0"
"*06mw0*","Nikola Milenkovic","NOT","D","46","LHO","CHE 1<br/>@NOT 0 F","68.8","-","-","37","5","9","8","29","4","850","6","101","13"
"*06mow*","Jorgen Strand Larsen","WOL","F","47","LHO","BRF 1<br/>@WOL 1 F","68.69","-","-","35","14","21","34","6","4","294","27","67","0"
"*063q8*","Mikkel Damsgaard","BRF","M,F","48","OSW","BRF 1<br/>@WOL 1 F","68.65","-","-","38","2","63","7","44","2","1,062","77","12","0"
"*04mdn*","Anthony Gordon","NEW","F","49","RED","EVE 1<br/>@NEW 0 F","68.45","-","-","34","6","51","19","18","2","655","109","8","0"
"*05ogb*","Anthony Elanga","NOT","M,F","50","RED","CHE 1<br/>@NOT 0 F","68.35","-","-","38","6","50","24","14","1","491","72","24","0"
"*05ylx*","Dejan Kulusevski","TOT","M,F","51","FA","BHA 4<br/>@TOT 1 F","68.24","-","-","32","7","65","18","23","3","641","76","10","0"
"*05n07*","Pedro Porro","TOT","D","52","NIM","BHA 4<br/>@TOT 1 F","67.97","-","-","33","2","57","8","49","5","1,095","47","12","6"
"*05s08*","Valentino Livramento","NEW","D,M","53","ACB","EVE 1<br/>@NEW 0 F","67.87","-","-","37","0","26","2","36","1","1,182","60","27","11"
"*06do9*","Milos Kerkez","BOU","D","54","MOV","LEI 0<br/>@BOU 2 F","67.78","-","-","38","2","36","5","26","4","1,086","72","28","9"
"*05r34*","Amad Diallo","MUN","M,F","55","BAR","AVL 0<br/>@MUN 2 F","67.7","-","-","26","8","49","17","31","5","734","69","10","0"
"*0558w*","William Saliba","ARS","D","56","FA","ARS 2<br/>@SOU 1 F","67.49","-","-","35","2","7","3","37","5","2,409","29","62","13"
"*03rzp*","Antonee Robinson","FUL","D,M","57","ACB","MCI 2<br/>@FUL 0 F","67.47","-","-","36","0","43","2","61","8","1,318","58","52","5"
"*0414o*","James Maddison","TOT","M","59","FA","BHA 4<br/>@TOT 1 F","67.38","-","-","31","9","41","17","19","6","995","97","5","0"
"*06clt*","Justin Kluivert","BOU","M,F","60","W_W","LEI 0<br/>@BOU 2 F","67.28","-","-","34","12","45","29","11","8","551","69","8","0"
"*0427d*","James Tarkowski","EVE","D","61","FA","EVE 1<br/>@NEW 0 F","66.61","-","-","33","1","16","4","40","6","1,042","33","103","10"
"*04qr9*","Morgan Gibbs-White","NOT","M,F","62","SJB","CHE 1<br/>@NOT 0 F","66.52","-","-","34","7","51","22","22","12","979","71","41","0"
"*05opj*","Elliot Anderson","NOT","M","63","NIM","CHE 1<br/>@NOT 0 F","66.33","-","-","37","2","37","7","56","10","1,061","94","57","0"
"*05u1m*","Nathan Collins","BRF","D","64","KLI","BRF 1<br/>@WOL 1 F","66.19","-","-","38","2","10","6","24","5","1,693","37","119","8"
"*05r94*","Iliman Ndiaye","EVE","M,F","65","ACB","EVE 1<br/>@NEW 0 F","66.07","-","-","33","9","18","18","28","3","587","120","8","0"
"*04y92*","Bukayo Saka","ARS","M,F","66","NOAD","ARS 2<br/>@SOU 1 F","66.05","-","-","25","6","58","23","15","3","504","80","10","0"
"*05w9i*","Marc Cucurella","CHE","D","67","MOV","CHE 1<br/>@NOT 0 F","66.05","-","-","36","5","19","12","45","11","1,449","42","32","10"
"*03v9d*","Son Heung-Min","TOT","M,F","68","RED","BHA 4<br/>@TOT 1 F","65.99","-","-","30","7","50","26","9","1","700","57","6","0"
"*068lx*","Dango Ouattara","BOU","D,M,F","69","FA","LEI 0<br/>@BOU 2 F","65.59","-","-","32","7","35","20","26","3","326","58","46","0"
"*0520r*","Leandro Trossard","ARS","F","70","PMP","ARS 2<br/>@SOU 1 F","65.56","-","-","38","8","41","22","20","5","687","84","6","0"
"*05uht*","Morgan Rogers","AVL","M,F","71","SJB","AVL 0<br/>@MUN 2 F","65.55","-","-","37","8","52","20","22","10","651","117","13","0"
"*06cmm*","Dominik Szoboszlai","LIV","M","72","BAR","CRY 1<br/>@LIV 1 F","65.32","-","-","36","6","56","23","20","6","1,066","45","19","0"
"*05a6e*","Neco Williams","NOT","D,M","73","BAR","CHE 1<br/>@NOT 0 F","65.24","-","-","35","1","18","7","57","7","692","61","40","10"
"*052h5*","Gabriel Martinelli","ARS","M,F","74","BAR","ARS 2<br/>@SOU 1 F","65.21","-","-","33","8","40","25","15","1","466","54","17","0"
"*06p6j*","Evanilson","BOU","F","76","SJB","LEI 0<br/>@BOU 2 F","64.93","-","-","31","10","26","32","10","4","244","60","42","0"
"*05rb8*","Moises Caicedo","CHE","D,M","77","W_W","CHE 1<br/>@NOT 0 F","64.88","-","-","38","1","30","3","73","11","1,941","87","36","2"
"*050jq*","Marc Guehi","CRY","D","78","NIM","CRY 1<br/>@LIV 1 F","64.85","-","-","34","3","16","7","34","10","1,466","39","69","11"
"*05os9*","Thomas Partey","ARS","D,M","79","RED","ARS 2<br/>@SOU 1 F","64.75","-","-","35","4","20","9","53","4","1,631","55","28","0"
"*05ybq*","Vitalii Mykolenko","EVE","D","80","KLI","EVE 1<br/>@NEW 0 F","64.29","-","-","35","1","24","1","38","4","764","42","49","11"
"*05g2o*","Joao Pedro","BHA","M,F","81","NOAD","BHA 4<br/>@TOT 1 F","64.24","-","-","27","10","30","20","12","7","467","75","42","0"
"*068n8*","Noni Madueke","CHE","M,F","82","PMP","CHE 1<br/>@NOT 0 F","64.16","-","-","32","7","32","32","18","3","501","70","11","0"
"*06pia*","Maxence Lacroix","CRY","D","83","PMP","CRY 1<br/>@LIV 1 F","64.14","-","-","35","1","8","6","41","5","1,202","27","61","11"
"*067yv*","Cody Gakpo","LIV","M,F","84","W_W","CRY 1<br/>@LIV 1 F","64.1","-","-","35","10","38","23","16","5","458","62","17","0"
"*06fv8*","Mohammed Kudus","WHU","M,F","85","ACB","WHU 3<br/>@IPS 1 F","63.85","-","-","32","5","31","22","23","5","691","156","11","0"
"*05u7f*","Ibrahima Konate","LIV","D","86","ACB","CRY 1<br/>@LIV 1 F","63.79","-","-","31","1","10","4","26","5","1,713","23","75","12"
"*062p5*","Levi Colwill","CHE","D","87","BAR","CHE 1<br/>@NOT 0 F","63.71","-","-","35","2","15","4","34","9","2,328","27","83","10"
"*03fgo*","Dominic Solanke","TOT","F","88","FA","BHA 4<br/>@TOT 1 F","63.55","-","-","27","9","14","26","11","0","252","53","46","0"
"*06fwz*","Murillo","NOT","D","89","PMP","CHE 1<br/>@NOT 0 F","63.47","-","-","36","2","13","6","36","6","1,129","33","44","12"
"*060wh*","Alejandro Garnacho","MUN","M,F","90","PMP","AVL 0<br/>@MUN 2 F","63.27","-","-","36","6","37","30","18","3","625","69","3","0"
"*063zg*","Pervis Estupinan","BHA","D","91","ACB","BHA 4<br/>@TOT 1 F","63.14","-","-","30","1","26","9","43","5","1,155","39","46","5"
"*05oig*","Liam Delap","IPS","F","92","W_W","WHU 3<br/>@IPS 1 F","63.04","-","-","37","12","21","32","8","12","216","91","58","0"
"*04fk6*","Bernardo Silva","MCI","M","93","OSW","MCI 2<br/>@FUL 0 F","62.98","-","-","33","4","53","12","37","7","1,493","60","5","0"
"*0647t*","Lucas Paqueta","WHU","M,F","95","NOAD","WHU 3<br/>@IPS 1 F","62.56","-","-","33","4","36","6","37","10","1,109","83","48","0"
"*06pe1*","Mateus Goncalo Espanha Fernandes","SOU","M,F","96","W_W","ARS 2<br/>@SOU 1 F","62.46","-","-","36","2","34","14","48","8","1,045","104","15","0"
"*05gcp*","Tomas Soucek","WHU","M,F","97","LHO","WHU 3<br/>@IPS 1 F","62.35","-","-","35","9","14","18","21","8","710","31","101","0"
"*03frx*","Ola Aina","NOT","D,M","98","OSW","CHE 1<br/>@NOT 0 F","61.96","-","-","35","2","16","2","42","5","822","68","13","11"
"*052ca*","Ezri Konsa","AVL","D","99","LHO","AVL 0<br/>@MUN 2 F","61.96","-","-","34","2","6","5","18","1","1,523","55","31","9"
"*04agz*","Declan Rice","ARS","M","100","LHO","ARS 2<br/>@SOU 1 F","61.8","-","-","35","4","59","15","25","8","1,326","30","38","0"
"*062p3*","Keane Lewis-Potter","BRF","D,M,F","101","OSW","BRF 1<br/>@WOL 1 F","61.6","-","-","38","1","26","14","27","7","844","72","27","8"
"*05y9n*","Lewis Hall","NEW","D,M","102","FA","EVE 1<br/>@NEW 0 F","61.58","-","-","27","0","34","1","41","3","1,121","32","30","8"
"*06fwi*","Carlos Baleba","BHA","D,M","103","RED","BHA 4<br/>@TOT 1 F","61.39","-","-","34","3","21","11","46","9","1,143","81","39","0"
"*04yey*","Max Kilman","WHU","D","104","NIM","WHU 3<br/>@IPS 1 F","61.23","-","-","38","0","16","3","24","5","1,696","29","113","7"
"*0521z*","James Justin","LEI","D,M","105","NIM","LEI 0<br/>@BOU 2 F","61.16","-","-","36","2","14","7","37","6","963","53","69","3"
"*05nzu*","Gabriel Magalhaes","ARS","D","106","FA","ARS 2<br/>@SOU 1 F","60.99","-","-","28","3","13","5","15","4","1,477","23","55","10"
"*02lsa*","Dan Burn","NEW","D","107","SJB","EVE 1<br/>@NEW 0 F","60.63","-","-","37","1","9","7","24","11","1,767","15","148","13"
"*04u41*","Mateo Kovacic","MCI","M","109","ACB","MCI 2<br/>@FUL 0 F","60.26","-","-","31","6","33","12","38","8","1,742","48","10","0"
"*06fvn*","Beto","EVE","F","110","OSW","EVE 1<br/>@NEW 0 F","60.15","-","-","30","8","12","23","6","2","155","42","99","0"
"*06cms*","Sandro Tonali","NEW","M","111","LHO","EVE 1<br/>@NEW 0 F","60.15","-","-","36","4","28","12","32","5","1,257","69","12","0"
"*05r9b*","Martin Odegaard","ARS","M","112","W_W","ARS 2<br/>@SOU 1 F","59.68","-","-","30","3","63","17","11","4","1,207","48","8","0"
"*05oh0*","Jan-Paul van Hecke","BHA","D","113","SJB","BHA 4<br/>@TOT 1 F","59.6","-","-","34","1","15","5","29","9","2,004","29","83","8"
"*05tr8*","Christian Norgaard","BRF","M","114","MOV","BRF 1<br/>@WOL 1 F","59.45","-","-","34","5","18","16","49","11","1,153","35","52","0"
"*06dmj*","Jurrien Timber","ARS","D","115","MOV","ARS 2<br/>@SOU 1 F","59.43","-","-","30","1","17","4","38","7","1,039","53","22","11"
"*03am7*","Jacob Murphy","NEW","M,F","116","MOV","EVE 1<br/>@NEW 0 F","59.16","-","-","35","8","42","15","19","4","637","50","5","0"
"*04mi4*","Callum Hudson-Odoi","NOT","M,F","117","NIM","CHE 1<br/>@NOT 0 F","59.12","-","-","31","5","44","17","14","2","669","62","3","0"
"*04abn*","Harvey Barnes","NEW","M,F","118","NIM","EVE 1<br/>@NEW 0 F","59.11","-","-","33","9","26","21","9","0","450","46","7","0"
"*04qfz*","Diogo Dalot","MUN","D,M","119","OSW","AVL 0<br/>@MUN 2 F","59.11","-","-","33","0","26","5","40","5","1,151","36","38","6"
"*04tm0*","Lucas Digne","AVL","D","120","FA","AVL 0<br/>@MUN 2 F","58.81","-","-","32","0","36","3","38","4","811","25","39","7"
"*04tig*","Fabian Schar","NEW","D","121","ACB","EVE 1<br/>@NEW 0 F","58.68","-","-","34","4","5","11","21","12","1,641","23","59","12"
"*05o6h*","Kai Havertz","ARS","M,F","122","RED","ARS 2<br/>@SOU 1 F","58.58","-","-","23","9","17","21","9","5","400","32","65","0"
"*05yg5*","Toti","WOL","D","124","LHO","BRF 1<br/>@WOL 1 F","58.13","-","-","31","0","9","3","43","7","1,441","35","53","8"
"*061ya*","Brennan Johnson","TOT","M,F","125","FA","BHA 4<br/>@TOT 1 F","58.07","-","-","33","11","19","20","26","5","433","45","7","0"
"*03dyk*","Jamie Vardy","LEI","F","126","FA","LEI 0<br/>@BOU 2 F","58","-","-","35","9","19","26","13","5","257","34","51","0"
"*04abb*","Phil Foden","MCI","M,F","127","FA","MCI 2<br/>@FUL 0 F","57.94","-","-","28","7","43","16","5","2","755","48","3","0"
"*0554i*","Joelinton","NEW","M,F","128","FA","EVE 1<br/>@NEW 0 F","57.93","-","-","29","4","23","14","35","10","846","50","59","0"
"*06fup*","Jeremy Doku","MCI","M,F","129","KLI","MCI 2<br/>@FUL 0 F","57.89","-","-","29","3","32","9","22","1","591","140","0","0"
"*06p4k*","Matthijs de Ligt","MUN","D","130","FA","AVL 0<br/>@MUN 2 F","57.87","-","-","29","2","6","10","22","3","1,238","14","58","8"
"*04mup*","Trevoh Chalobah","CHE/CRY","D","131","PMP","CHE 1<br/>@NOT 0 F","57.68","-","-","25","3","8","7","23","3","944","30","45","7"
"*068yi*","Illia Zabarnyi","BOU","D","132","OSW","LEI 0<br/>@BOU 2 F","57.49","-","-","36","0","12","1","36","7","1,403","13","77","9"
"*06mvz*","Savio","MCI","M,F","133","PMP","MCI 2<br/>@FUL 0 F","57.28","-","-","29","1","46","21","17","3","666","80","1","0"
"*04hk9*","Mikel Merino","NEW/ARS","M,F","134","MOV","ARS 2<br/>@SOU 1 F","57.05","-","-","28","7","17","15","28","5","446","32","60","0"
"*02oox*","Kevin De Bruyne","MCI","M,F","135","MOV","MCI 2<br/>@FUL 0 F","57.05","-","-","28","4","57","18","9","2","853","31","5","0"
"*0639x*","Marcus Tavernier","BOU","M","136","OSW","LEI 0<br/>@BOU 2 F","56.92","-","-","29","3","43","17","24","6","636","56","26","0"
"*02lnx*","Danny Welbeck","BHA","M,F","137","PMP","BHA 4<br/>@TOT 1 F","56.89","-","-","30","10","23","24","16","5","415","36","17","0"
"*05akv*","Tyrick Mitchell","CRY","D,M","138","W_W","CRY 1<br/>@LIV 1 F","56.84","-","-","37","0","41","3","55","2","754","41","20","0"
"*06c6g*","Yankuba Minteh","BHA","M,F","139","RED","BHA 4<br/>@TOT 1 F","56.82","-","-","32","6","29","16","35","6","305","57","18","1"
"*062oq*","Joe Ayodele-Aribo","SOU","D,M","140","FA","ARS 2<br/>@SOU 1 F","56.78","-","-","32","3","16","7","33","1","923","49","26","0"
"*068yd*","Joao Gomes","WOL","M,F","141","MOV","BRF 1<br/>@WOL 1 F","56.54","-","-","36","3","23","7","71","12","1,357","77","11","0"
"*05220*","Sepp van den Berg","LIV/BRF","D","142","PMP","BRF 1<br/>@WOL 1 F","56.52","-","-","31","0","6","6","24","3","1,036","9","94","6"
"*05w7t*","Pape Sarr","TOT","M","143","FA","BHA 4<br/>@TOT 1 F","56.25","-","-","36","3","15","13","36","6","874","46","34","0"
"*06nv2*","Dean Huijsen","BOU","D","145","RED","LEI 0<br/>@BOU 2 F","55.55","-","-","32","3","15","4","26","10","1,348","12","68","8"
"*05ubv*","Omari Hutchinson","IPS","M,F","146","KLI","WHU 3<br/>@IPS 1 F","55.43","-","-","31","3","31","19","13","5","665","97","7","0"
"*0435t*","Ilkay Gundogan","MCI","M","147","NOAD","MCI 2<br/>@FUL 0 F","55.27","-","-","33","1","44","7","13","1","1,509","44","14","0"
"*06cm1*","Nicolas Jackson","CHE","F","148","FA","CHE 1<br/>@NOT 0 F","55.22","-","-","30","10","28","35","13","10","299","47","22","0"
"*03rxa*","Idrissa Gueye","EVE","M","149","RED","EVE 1<br/>@NEW 0 F","54.87","-","-","37","0","19","5","80","9","1,220","64","25","0"
"*0554g*","Calvin Bassey","FUL","D","150","FA","MCI 2<br/>@FUL 0 F","54.67","-","-","35","1","3","4","34","7","1,926","47","44","5"
"*03zsq*","Kyle Walker-Peters","SOU","D,M","151","FA","ARS 2<br/>@SOU 1 F","54.66","-","-","33","0","24","6","29","5","1,353","90","11","1"
"*03u2b*","Adama Traore","FUL","M,F","152","FA","MCI 2<br/>@FUL 0 F","54.62","-","-","36","2","42","12","13","3","393","80","25","0"
"*05nil*","Leif Davis","IPS","D","153","SJB","WHU 3<br/>@IPS 1 F","54.56","-","-","33","1","61","2","27","8","765","44","35","2"
"*06phv*","Bilal El Khannouss","LEI","M,F","154","PMP","LEI 0<br/>@BOU 2 F","54.52","-","-","32","2","42","7","30","4","767","47","19","0"
"*03gu5*","Andrew Robertson","LIV","D","155","PMP","CRY 1<br/>@LIV 1 F","54.39","-","-","33","0","40","3","22","6","1,356","15","7","12"
"*063y7*","Destiny Udogie","TOT","D","156","FA","BHA 4<br/>@TOT 1 F","54.35","-","-","25","0","16","1","47","2","841","51","13","4"
"*02m11*","Matt Doherty","WOL","D,M","157","FA","BRF 1<br/>@WOL 1 F","54.34","-","-","30","2","12","3","21","6","1,031","22","56","8"
"*061vn*","Rodrigo Muniz","FUL","F","158","FA","MCI 2<br/>@FUL 0 F","54.3","-","-","31","8","7","19","5","1","92","37","67","0"
"*06fxe*","Ryan Gravenberch","LIV","M","159","LHO","CRY 1<br/>@LIV 1 F","54.29","-","-","37","0","26","5","35","9","1,704","89","26","0"
"*062ts*","Djed Spence","TOT","D","160","OSW","BHA 4<br/>@TOT 1 F","53.78","-","-","25","1","11","3","34","5","849","60","21","6"
"*0642l*","Casemiro","MUN","D,M","162","FA","AVL 0<br/>@MUN 2 F","53.44","-","-","24","1","22","10","50","5","770","22","39","0"
"*061ve*","Ryan Christie","BOU","M","163","FA","LEI 0<br/>@BOU 2 F","53.34","-","-","29","2","41","12","33","9","820","54","22","0"
"*05l27*","Jarrad Branthwaite","EVE","D","164","LHO","EVE 1<br/>@NEW 0 F","53.17","-","-","30","0","3","3","20","4","981","21","62","9"
"*056iy*","Pedro Neto","CHE","M,F","165","ACB","CHE 1<br/>@NOT 0 F","53.15","-","-","35","4","47","17","9","8","648","67","12","0"
"*03sgc*","Jordan Ayew","CRY/LEI","M,F","166","KLI","LEI 0<br/>@BOU 2 F","53.02","-","-","31","5","17","10","15","6","388","85","40","0"
"*03dx3*","Kieran Trippier","NEW","D","167","LHO","EVE 1<br/>@NEW 0 F","53","-","-","25","0","22","0","21","1","886","15","22","10"
"*0689w*","Georginio Rutter","LEE/BHA","M,F","168","FA","BHA 4<br/>@TOT 1 F","52.83","-","-","28","5","19","12","15","2","236","72","25","0"
"*063zi*","Matheus Nunes","MCI","D,M","169","NOAD","MCI 2<br/>@FUL 0 F","52.79","-","-","26","1","23","4","22","4","958","39","15","7"
"*043qy*","Lewis Cook","BOU","D,M","170","FA","LEI 0<br/>@BOU 2 F","52.69","-","-","36","1","48","4","42","11","1,129","23","41","1"
"*04aiz*","Wilfred Ndidi","LEI","M","171","BAR","LEI 0<br/>@BOU 2 F","52.52","-","-","28","0","17","8","51","8","826","31","61","0"
"*04sat*","Emile Smith Rowe","FUL","M,F","172","FA","MCI 2<br/>@FUL 0 F","52.46","-","-","34","6","24","11","18","3","914","30","6","0"
"*04o82*","Curtis Jones","LIV","D,M","173","FA","CRY 1<br/>@LIV 1 F","52.41","-","-","33","3","22","13","22","4","992","37","14","1"
"*04gpx*","Dara O'Shea","BUR/IPS","D","174","SJB","WHU 3<br/>@IPS 1 F","52.32","-","-","35","0","3","2","31","6","1,190","27","117","2"
"*05omu*","Ruben Dias","MCI","D","175","LHO","MCI 2<br/>@FUL 0 F","52.16","-","-","27","0","5","7","11","4","2,165","10","37","11"
"*068yc*","Yasin Ayari","BHA","M","176","NIM","BHA 4<br/>@TOT 1 F","52.03","-","-","34","2","30","8","32","4","769","44","16","0"
"*03gu4*","Harry Maguire","MUN","D","177","KLI","AVL 0<br/>@MUN 2 F","51.86","-","-","27","1","9","7","15","7","964","13","64","7"
"*05tr1*","Ethan Pinnock","BRF","D","178","FA","BRF 1<br/>@WOL 1 F","51.86","-","-","22","2","8","6","19","2","904","7","64","3"
"*068n9*","Victor Kristiansen","LEI","D,M","179","FA","LEI 0<br/>@BOU 2 F","51.72","-","-","30","0","18","0","51","1","840","26","23","1"
"*05ojg*","Nelson Semedo","WOL","D,M","180","FA","BRF 1<br/>@WOL 1 F","51.44","-","-","34","0","25","7","36","8","897","62","28","1"
"*067yu*","Facundo Buonanotte","LEI","M,F","181","FA","LEI 0<br/>@BOU 2 F","51.38","-","-","31","5","25","12","32","8","410","63","18","0"
"*06clz*","Malo Gusto","CHE","D,M","183","FA","CHE 1<br/>@NOT 0 F","50.87","-","-","32","0","22","5","29","4","1,081","24","9","7"
"*04gw7*","Jadon Sancho","MUN/CHE","M,F","184","FA","CHE 1<br/>@NOT 0 F","50.44","-","-","31","3","38","8","7","2","654","56","6","0"
"*049tq*","Dominic Calvert-Lewin","EVE","F","185","FA","EVE 1<br/>@NEW 0 F","50.22","-","-","26","3","7","20","7","2","179","33","86","0"
"*03yu2*","Abdoulaye Doucoure","EVE","M,F","186","MOV","EVE 1<br/>@NEW 0 F","50.2","-","-","33","3","28","10","28","6","724","29","30","0"
"*06msc*","Jacob Greaves","IPS","D","187","NOAD","WHU 3<br/>@IPS 1 F","50.1","-","-","25","1","5","4","21","5","948","25","85","2"
"*052k6*","Taylor Harwood-Bellis","SOU","D","188","FA","ARS 2<br/>@SOU 1 F","49.97","-","-","34","1","14","8","20","9","1,872","17","63","3"
"*04ml6*","Konstantinos Mavropanos","WHU","D","189","FA","WHU 3<br/>@IPS 1 F","49.95","-","-","33","0","5","5","24","7","1,081","25","59","6"
"*063hu*","Amadou Onana","AVL","M","190","KLI","AVL 0<br/>@MUN 2 F","49.89","-","-","26","3","10","6","30","4","701","44","33","0"
"*04mqv*","Emerson","WHU","D,M","191","FA","WHU 3<br/>@IPS 1 F","49.89","-","-","31","2","16","7","31","5","715","23","18","6"
"*04fk9*","Jan Bednarek","SOU","D","192","W_W","ARS 2<br/>@SOU 1 F","49.8","-","-","30","2","5","3","19","7","1,563","16","72","3"
"*0649j*","Manuel Akanji","MCI","D,M","193","FA","MCI 2<br/>@FUL 0 F","49.78","-","-","26","0","9","2","12","3","1,620","11","31","9"
"*05uoc*","Cristian Romero","TOT","D","194","BAR","BHA 4<br/>@TOT 1 F","49.77","-","-","18","1","7","8","29","3","1,086","13","42","2"
"*051k0*","John McGinn","AVL","M","195","BAR","AVL 0<br/>@MUN 2 F","49.67","-","-","34","1","31","5","24","7","683","89","17","0"
"*05o4b*","Matty Cash","AVL","D,M","196","BAR","AVL 0<br/>@MUN 2 F","49","-","-","27","1","11","6","32","7","646","39","20","8"
"*06rf9*","Omar Marmoush","MCI","M,F","198","OSW","MCI 2<br/>@FUL 0 F","48.74","-","-","16","7","15","17","8","0","241","40","5","0"
"*067ys*","Jack Hinshelwood","BHA","D,M","199","FA","BHA 4<br/>@TOT 1 F","48.7","-","-","26","5","17","10","19","5","803","11","20","3"
"*0635j*","Chris Richards","CRY","D,M","200","NOAD","CRY 1<br/>@LIV 1 F","48.68","-","-","24","1","2","6","30","5","677","6","48","9"
"*03yeg*","Tosin Adarabioyo","CHE","D","201","KLI","CHE 1<br/>@NOT 0 F","48.58","-","-","22","1","1","2","13","4","1,075","13","42","9"
"*03ybi*","Marcus Rashford","MUN/AVL","M,F","202","FA","AVL 0<br/>@MUN 2 F","48.44","-","-","25","6","28","16","11","2","350","28","6","0"
"*048xh*","Stephy Mavididi","LEI","M,F","203","FA","LEI 0<br/>@BOU 2 F","48.43","-","-","30","4","22","7","19","2","437","53","9","0"
"*0649k*","Wout Faes","LEI","D","204","FA","LEI 0<br/>@BOU 2 F","48.37","-","-","34","1","4","1","26","4","1,370","16","47","3"
"*06fxv*","Jean-Ricner Bellegarde","WOL","M,F","205","FA","BRF 1<br/>@WOL 1 F","48.35","-","-","35","2","28","5","24","3","459","61","10","0"
"*04p0d*","Dwight McNeil","EVE","M,F","206","SJB","EVE 1<br/>@NEW 0 F","48.25","-","-","21","4","37","10","8","1","417","42","3","0"
"*04spq*","Jack Harrison","EVE","M,F","207","FA","EVE 1<br/>@NEW 0 F","47.9","-","-","34","1","33","7","22","0","376","52","4","0"
"*02lny*","Ashley Young","EVE","D,M","208","FA","EVE 1<br/>@NEW 0 F","47.78","-","-","32","1","26","3","33","10","542","29","11","11"
"*06195*","Tyler Dibling","SOU","M,F","209","FA","ARS 2<br/>@SOU 1 F","47.77","-","-","33","2","20","9","20","6","494","95","10","0"
"*06pic*","Andre","WOL","M","210","SJB","BRF 1<br/>@WOL 1 F","47.63","-","-","33","0","18","1","55","7","1,245","50","2","0"
"*061xs*","Julio Enciso","BHA/IPS","M,F","211","KLI","WHU 3<br/>@IPS 1 F","47.61","-","-","25","2","18","22","9","3","261","68","14","0"
"*062x7*","Rico Lewis","MCI","D,M","212","FA","MCI 2<br/>@FUL 0 F","47.59","-","-","28","1","7","2","19","6","1,101","43","6","9"
"*03rxs*","Harry Wilson","FUL","M,F","213","FA","MCI 2<br/>@FUL 0 F","47.57","-","-","25","6","20","17","14","2","311","31","5","0"
"*05os8*","Joachim Andersen","CRY/FUL","D","214","W_W","MCI 2<br/>@FUL 0 F","47.44","-","-","30","0","4","6","19","10","1,704","23","76","4"
"*06mgj*","Ryan Manning","SOU","D,M","215","FA","ARS 2<br/>@SOU 1 F","47.29","-","-","24","0","34","1","17","2","519","43","15","2"
"*06fwx*","Santiago Bueno","WOL","D","216","FA","BRF 1<br/>@WOL 1 F","47.13","-","-","29","0","0","3","21","2","737","5","35","8"
"*06mg0*","Sam Morsy","IPS","M","217","NOAD","WHU 3<br/>@IPS 1 F","46.88","-","-","33","1","24","3","41","10","1,243","44","18","0"
"*061y6*","Ryan Yates","NOT","M","218","FA","CHE 1<br/>@NOT 0 F","46.76","-","-","35","2","18","9","21","10","618","58","48","0"
"*062h7*","Tyler Adams","BOU","M","219","BAR","LEI 0<br/>@BOU 2 F","46.64","-","-","28","0","18","2","50","7","897","25","31","0"
"*04e1c*","Lewis Dunk","BHA","D","221","BAR","BHA 4<br/>@TOT 1 F","46.42","-","-","25","0","6","3","10","5","1,768","11","52","5"
"*06onx*","Jean-Clair Todibo","WHU","D","222","FA","WHU 3<br/>@IPS 1 F","46.41","-","-","27","0","2","0","28","3","946","15","28","7"
"*03jly*","Andreas Pereira","FUL","M","223","FA","MCI 2<br/>@FUL 0 F","46.32","-","-","33","2","57","9","13","8","611","38","14","0"
"*068yp*","Paul Onuachu","SOU","F","224","FA","ARS 2<br/>@SOU 1 F","45.94","-","-","25","4","8","15","2","4","160","24","93","0"
"*05mxa*","Joel Veltman","BHA","D","225","FA","BHA 4<br/>@TOT 1 F","45.91","-","-","21","0","6","1","29","5","638","48","22","6"
"*06crm*","Pau Torres","AVL","D","226","FA","AVL 0<br/>@MUN 2 F","45.67","-","-","24","0","3","3","15","2","1,214","22","19","6"
"*062pl*","Lisandro Martinez","MUN","D","227","FA","AVL 0<br/>@MUN 2 F","45.57","-","-","20","2","9","6","24","7","1,183","13","16","6"
"*05o4c*","Timothy Castagne","FUL","D,M","228","FA","MCI 2<br/>@FUL 0 F","45.52","-","-","24","0","9","3","29","1","652","11","35","3"
"*052cb*","Ian Maatsen","AVL","D","229","FA","AVL 0<br/>@MUN 2 F","45.22","-","-","29","1","19","5","17","2","535","22","10","6"
"*061va*","Boubacar Kamara","AVL","D,M","230","RED","AVL 0<br/>@MUN 2 F","44.56","-","-","26","1","11","3","21","2","825","44","21","0"
"*06exb*","Rasmus Hojlund","MUN","F","231","FA","AVL 0<br/>@MUN 2 F","44.33","-","-","32","4","16","13","1","2","248","37","31","0"
"*051k7*","Reece James","CHE","D,M","233","FA","CHE 1<br/>@NOT 0 F","43.9","-","-","19","1","11","3","9","1","657","18","24","5"
"*04qr8*","Diogo Jota","LIV","F","234","FA","CRY 1<br/>@LIV 1 F","43.52","-","-","26","6","11","13","8","2","213","25","22","0"
"*06pdl*","Jens Cajuste","IPS","M","235","FA","WHU 3<br/>@IPS 1 F","43.21","-","-","30","1","13","1","22","2","629","50","13","0"
"*06pib*","Manuel Ugarte","MUN","M","236","ACB","AVL 0<br/>@MUN 2 F","43.04","-","-","29","1","10","4","49","11","795","51","18","0"
"*06r7k*","Emmanuel Agbadou","WOL","D","237","SJB","BRF 1<br/>@WOL 1 F","42.89","-","-","16","1","4","2","19","3","855","14","26","4"
"*05gcs*","Sander Berge","BUR/FUL","M","238","FA","MCI 2<br/>@FUL 0 F","42.77","-","-","31","0","18","1","30","6","1,090","21","28","0"
"*06mpp*","Mats Wieffer","BHA","D,M","239","MOV","BHA 4<br/>@TOT 1 F","42.72","-","-","25","1","16","4","34","6","559","17","34","1"
"*06fy7*","Nicolas Dominguez","NOT","M","240","FA","CHE 1<br/>@NOT 0 F","42.57","-","-","34","0","13","9","45","9","813","21","27","0"
"*0666p*","Kobbie Mainoo","MUN","M,F","241","FA","AVL 0<br/>@MUN 2 F","42.51","-","-","25","0","14","2","29","5","715","44","19","0"
"*05oeh*","Kenny Tete","FUL","D","242","FA","MCI 2<br/>@FUL 0 F","42.42","-","-","22","0","9","2","38","5","636","25","26","2"
"*065ao*","Ethan Nwaneri","ARS","M,F","243","FA","ARS 2<br/>@SOU 1 F","42.4","-","-","26","4","16","9","7","1","324","42","4","0"
"*05tre*","Vitaly Janelt","BRF","D,M","244","FA","BRF 1<br/>@WOL 1 F","42.35","-","-","32","1","15","4","22","3","857","18","19","0"
"*06nu7*","Riccardo Calafiori","ARS","D","245","KLI","ARS 2<br/>@SOU 1 F","42.17","-","-","19","2","6","6","19","4","421","15","22","6"
"*062oh*","Jake O'Brien","EVE","D","246","FA","EVE 1<br/>@NEW 0 F","41.94","-","-","20","2","6","3","17","5","492","9","42","5"
"*05n3v*","Konstantinos Tsimikas","LIV","D","248","FA","CRY 1<br/>@LIV 1 F","41.84","-","-","18","0","16","2","20","2","478","11","5","8"
"*068yt*","Sasa Lukic","FUL","M","249","FA","MCI 2<br/>@FUL 0 F","41.68","-","-","30","0","26","3","39","12","1,077","34","19","0"
"*04tzt*","Jefferson Lerma","CRY","D,M","250","FA","CRY 1<br/>@LIV 1 F","41.49","-","-","33","0","10","8","17","9","820","45","45","0"
"*0626q*","Simon Adingra","BHA","M,F","251","FA","BHA 4<br/>@TOT 1 F","40.76","-","-","29","2","16","8","14","0","272","25","7","0"
"*04f6o*","Will Hughes","CRY","M","252","FA","CRY 1<br/>@LIV 1 F","40.41","-","-","33","0","33","1","36","11","720","36","19","0"
"*05ylw*","Rodrigo Bentancur","TOT","M","253","FA","BHA 4<br/>@TOT 1 F","40.38","-","-","26","2","10","6","22","9","942","19","36","0"
"*05244*","Jack Clarke","TOT/IPS","M,F","254","FA","WHU 3<br/>@IPS 1 F","40.33","-","-","32","0","28","2","20","2","292","48","7","0"
"*06mve*","Joshua Zirkzee","MUN","F","255","FA","AVL 0<br/>@MUN 2 F","40.26","-","-","32","3","12","11","8","2","292","24","23","0"
"*068yo*","Kamaldeen Sulemana","SOU","M,F","256","FA","ARS 2<br/>@SOU 1 F","40.11","-","-","26","1","10","8","17","2","275","50","13","0"
"*04io3*","Mario Lemina","WOL","D,M","257","FA","BRF 1<br/>@WOL 1 F","39.92","-","-","17","1","10","5","31","4","479","18","25","0"
"*02oo1*","Ben Davies","TOT","D","258","FA","BHA 4<br/>@TOT 1 F","39.72","-","-","17","0","2","1","11","5","887","8","53","3"
"*066sd*","Myles Lewis-Skelly","ARS","D,M","259","SJB","ARS 2<br/>@SOU 1 F","39.65","-","-","23","1","8","1","14","9","624","59","11","6"
"*06cm0*","Christopher Nkunku","CHE","M,F","260","FA","CHE 1<br/>@NOT 0 F","39.54","-","-","27","3","14","12","8","2","299","21","16","0"
"*05u5d*","Boubakary Soumare","LEI","M","262","FA","LEI 0<br/>@BOU 2 F","39.45","-","-","31","0","11","0","20","8","1,066","50","22","0"
"*06mfz*","Cameron Burgess","IPS","D","263","FA","WHU 3<br/>@IPS 1 F","39.31","-","-","18","0","7","3","12","0","626","4","44","0"
"*06ime*","Radu Dragusin","TOT","D","264","FA","BHA 4<br/>@TOT 1 F","38.97","-","-","16","0","4","1","6","1","712","10","34","3"
"*04e1e*","Ben White","ARS","D","265","NOAD","ARS 2<br/>@SOU 1 F","38.95","-","-","17","0","10","2","14","2","510","5","18","6"
"*06mn7*","Lucas Bergvall","TOT","M","266","FA","BHA 4<br/>@TOT 1 F","38.74","-","-","27","0","11","2","19","3","610","38","9","0"
"*06jgs*","Adam Wharton","CRY","M","267","FA","CRY 1<br/>@LIV 1 F","38.66","-","-","20","0","26","5","14","2","534","23","7","0"
"*051k3*","Jacob Ramsey","AVL","M","268","FA","AVL 0<br/>@MUN 2 F","38.6","-","-","29","1","21","4","15","5","493","53","7","0"
"*062hb*","Flynn Downes","SOU","D,M","269","FA","ARS 2<br/>@SOU 1 F","38.12","-","-","27","1","15","3","25","12","1,003","47","17","0"
"*04spw*","James Garner","EVE","D,M","270","NIM","EVE 1<br/>@NEW 0 F","38","-","-","21","0","13","4","31","5","573","22","11","1"
"*06msd*","Yukinari Sugawara","SOU","D,M","271","FA","ARS 2<br/>@SOU 1 F","37.99","-","-","30","1","18","6","18","4","611","19","5","1"
"*04qfq*","Matt O'Riley","FUL/BHA","M","272","ACB","BHA 4<br/>@TOT 1 F","37.78","-","-","21","2","21","7","9","1","299","21","6","0"
"*03rec*","Tyrone Mings","AVL","D","273","FA","AVL 0<br/>@MUN 2 F","37.71","-","-","14","0","3","1","6","1","596","13","28","4"
"*06nl5*","Jesper Lindstrom","EVE","M","274","FA","EVE 1<br/>@NEW 0 F","37.68","-","-","25","0","19","10","25","2","274","18","6","0"
"*06eo0*","Lesley Ugochukwu","CHE/SOU","M","275","FA","ARS 2<br/>@SOU 1 F","37.67","-","-","26","1","14","1","24","7","599","35","21","0"
"*058vb*","Cameron Archer","AVL/SOU","F","276","FA","ARS 2<br/>@SOU 1 F","37.63","-","-","35","2","5","11","8","0","205","28","9","0"
"*04rh9*","David Brooks","BOU","M","277","FA","LEI 0<br/>@BOU 2 F","37.54","-","-","29","2","20","12","6","3","286","29","7","0"
"*04sft*","Yves Bissouma","TOT","M","278","FA","BHA 4<br/>@TOT 1 F","37.51","-","-","28","2","6","4","31","7","753","25","7","0"
"*02oq8*","James Ward-Prowse","WHU/NOT","M","279","LHO","WHU 3<br/>@IPS 1 F","37.49","-","-","24","1","24","6","15","5","802","8","13","0"
"*06f81*","Edson Alvarez","WHU","M","280","FA","WHU 3<br/>@IPS 1 F","37.42","-","-","28","0","12","1","27","10","854","32","30","0"
"*04ge9*","Eddie Nketiah","ARS/CRY","F","281","FA","CRY 1<br/>@LIV 1 F","37.38","-","-","29","3","13","16","8","7","178","40","21","0"
"*05y7c*","Archie Gray","TOT","D,M","282","FA","BHA 4<br/>@TOT 1 F","37.36","-","-","28","0","3","1","8","1","964","18","11","2"
"*056ir*","Adam Webster","BHA","D","284","LHO","BHA 4<br/>@TOT 1 F","37.12","-","-","14","0","3","1","6","1","636","3","24","5"
"*068sd*","Jakub Kiwior","ARS","D","285","ACB","ARS 2<br/>@SOU 1 F","37.1","-","-","17","1","5","1","8","1","670","7","11","4"
"*063e7*","Marcos Senesi","BOU","D","286","FA","LEI 0<br/>@BOU 2 F","37.04","-","-","17","0","3","0","21","5","552","14","33","3"
"*04qfm*","Ryan Sessegnon","FUL","D,M","287","FA","MCI 2<br/>@FUL 0 F","36.8","-","-","16","4","12","8","13","1","172","12","8","0"
"*06rma*","Marshall Munetsi","WOL","M,F","288","FA","BRF 1<br/>@WOL 1 F","36.77","-","-","14","2","9","7","10","0","148","13","29","0"
"*061x2*","Darwin Nunez","LIV","F","289","LHO","CRY 1<br/>@LIV 1 F","36.76","-","-","30","5","11","13","18","8","160","22","20","0"
"*068a7*","Pablo Sarabia","WOL","M,F","290","FA","BRF 1<br/>@WOL 1 F","36.64","-","-","23","3","15","8","8","2","289","21","6","0"
"*05uel*","Kristoffer Ajer","BRF","D","291","FA","BRF 1<br/>@WOL 1 F","36.5","-","-","24","0","8","3","18","5","434","13","28","4"
"*068se*","Jhon Duran","AVL","F","292","FA","AVL 0<br/>@MUN 2 F","36.43","-","-","20","7","4","15","7","6","115","18","19","0"
"*06pih*","Carlos Soler","WHU","M,F","293","FA","WHU 3<br/>@IPS 1 F","36.14","-","-","31","1","18","9","11","6","558","27","11","0"
"*06o2t*","Niclas Fullkrug","WHU","F","294","FA","WHU 3<br/>@IPS 1 F","36.08","-","-","18","3","14","7","3","2","133","7","39","0"
"*03bwz*","Harry Winks","LEI","M","295","FA","LEI 0<br/>@BOU 2 F","36.03","-","-","22","0","17","4","11","4","892","16","8","0"
"*06nvg*","Jota Silva","NOT","M,F","296","FA","CHE 1<br/>@NOT 0 F","35.95","-","-","31","3","14","7","14","5","113","33","21","0"
"*06mnc*","Daichi Kamada","CRY","M,F","297","FA","CRY 1<br/>@LIV 1 F","35.93","-","-","34","0","20","4","29","7","591","28","4","0"
"*06mgd*","Abdul Fatawu","LEI","M,F","298","FA","LEI 0<br/>@BOU 2 F","35.9","-","-","11","0","6","5","15","0","108","49","14","0"
"*02lm7*","Jack Grealish","MCI","M","299","FA","MCI 2<br/>@FUL 0 F","35.86","-","-","20","1","24","5","5","3","375","38","1","0"
"*05opl*","Wesley Fofana","CHE","D","300","FA","CHE 1<br/>@NOT 0 F","35.85","-","-","14","0","6","0","12","7","709","24","27","4"
"*05uhj*","Conor Bradley","LIV","D","301","NOAD","CRY 1<br/>@LIV 1 F","35.76","-","-","19","0","7","3","10","4","402","24","11","6"
"*04qos*","Issa Diop","FUL","D","302","FA","MCI 2<br/>@FUL 0 F","35.65","-","-","21","0","3","2","12","2","661","5","20","3"
"*02ljr*","Conor Coady","LEI","D","303","FA","LEI 0<br/>@BOU 2 F","35.6","-","-","22","1","1","2","9","3","976","3","13","2"
"*05opk*","Vladimir Coufal","WHU","D,M","304","NOAD","WHU 3<br/>@IPS 1 F","35.49","-","-","22","0","8","2","15","5","389","21","23","4"
"*06ew2*","Axel Disasi","CHE/AVL","D","305","FA","AVL 0<br/>@MUN 2 F","35.46","-","-","13","1","5","1","9","3","490","12","13","5"
"*063e8*","Goncalo Guedes","WOL","F","306","FA","BRF 1<br/>@WOL 1 F","35.4","-","-","29","2","14","8","5","1","240","26","6","0"
"*06rm3*","Marco Asensio","AVL","M,F","307","W_W","AVL 0<br/>@MUN 2 F","35.37","-","-","13","3","16","11","5","2","235","20","0","0"
"*06p5s*","Brajan Gruda","BHA","M","308","NOAD","BHA 4<br/>@TOT 1 F","35.21","-","-","21","1","23","5","8","0","166","25","3","0"
"*0522a*","James Bree","SOU","D,M","309","FA","ARS 2<br/>@SOU 1 F","35.14","-","-","17","0","10","1","14","0","461","9","13","1"
"*05m46*","Luke Thomas","LEI","D,M","310","NIM","LEI 0<br/>@BOU 2 F","35","-","-","14","0","9","0","25","3","435","13","13","2"
"*05a6d*","Tariq Lamptey","BHA","D","312","FA","BHA 4<br/>@TOT 1 F","34.75","-","-","15","2","5","2","11","0","282","20","1","2"
"*0637b*","Orel Mangala","NOT/EVE","M","313","FA","EVE 1<br/>@NEW 0 F","34.73","-","-","19","1","8","6","8","2","436","31","6","0"
"*067x8*","Nico O'Reilly","MCI","D,M","314","FA","MCI 2<br/>@FUL 0 F","34.68","-","-","9","2","4","3","4","0","270","13","6","4"
"*066r9*","Ehor Yarmolyuk","BRF","M","315","FA","BRF 1<br/>@WOL 1 F","34.55","-","-","31","0","9","2","28","6","652","26","8","0"
"*06rm8*","Mathys Tel","TOT","F","316","FA","BHA 4<br/>@TOT 1 F","34.53","-","-","13","2","14","9","6","2","171","31","4","0"
"*05uns*","Leon Bailey","AVL","M","317","FA","AVL 0<br/>@MUN 2 F","34.35","-","-","24","1","16","6","5","3","273","40","6","0"
"*0687c*","Carlos Alcaraz","SOU/EVE","M","318","FA","EVE 1<br/>@NEW 0 F","34.22","-","-","16","2","14","12","5","4","226","21","15","0"
"*06mn8*","Rodrigo Gomes","WOL","M,F","319","FA","BRF 1<br/>@WOL 1 F","34.18","-","-","25","2","13","3","15","0","174","11","8","0"
"*0327r*","Michael Keane","EVE","D","320","FA","EVE 1<br/>@NEW 0 F","34.18","-","-","14","3","2","4","9","5","312","0","26","4"
"*057cr*","Kevin Danso","SOU/TOT","D","321","RED","BHA 4<br/>@TOT 1 F","34.15","-","-","10","0","2","3","5","0","479","15","21","1"
"*06p67*","Sammie Szmodics","IPS","M","322","FA","WHU 3<br/>@IPS 1 F","33.91","-","-","20","4","5","12","10","2","144","12","6","0"
"*06f8y*","Alex Scott","BOU","M","323","FA","LEI 0<br/>@BOU 2 F","33.68","-","-","20","0","12","7","14","3","283","32","7","0"
"*05rl4*","Crysencio Summerville","WHU","M,F","324","FA","WHU 3<br/>@IPS 1 F","33.63","-","-","19","1","17","5","7","2","183","36","4","0"
"*0687b*","Alex Moreno","AVL/NOT","D","325","FA","CHE 1<br/>@NOT 0 F","33.48","-","-","15","0","8","0","18","2","249","14","3","5"
"*037wp*","Christian Eriksen","MUN","M,F","326","FA","AVL 0<br/>@MUN 2 F","33.3","-","-","23","1","31","2","9","4","562","3","2","0"
"*05tr5*","Mads Roerslev","BRF","D,M","327","FA","BRF 1<br/>@WOL 1 F","33.29","-","-","19","0","14","2","8","2","363","17","10","2"
"*06rlj*","Patrick Dorgu","MUN","D,M","328","NIM","AVL 0<br/>@MUN 2 F","33.22","-","-","12","0","12","2","24","6","335","31","16","0"
"*04ge6*","Joe Willock","NEW","M","329","PMP","EVE 1<br/>@NEW 0 F","33.15","-","-","32","0","22","3","17","4","294","25","5","0"
"*04s60*","Jannik Vestergaard","LEI","D","330","FA","LEI 0<br/>@BOU 2 F","32.94","-","-","18","0","3","2","10","5","870","8","27","0"
"*06ezb*","Micky van de Ven","TOT","D","331","W_W","BHA 4<br/>@TOT 1 F","32.89","-","-","13","0","2","2","6","4","725","13","19","2"
"*06mq2*","Caleb Okoli","LEI","D","332","FA","LEI 0<br/>@BOU 2 F","32.81","-","-","19","1","0","2","14","4","556","9","23","1"
"*05y55*","Kasey McAteer","LEI","M","333","FA","LEI 0<br/>@BOU 2 F","32.65","-","-","18","1","9","7","16","3","173","21","13","0"
"*04mdj*","Nathan Broadhead","IPS","M,F","335","FA","WHU 3<br/>@IPS 1 F","32.5","-","-","18","2","7","8","4","1","177","30","1","0"
"*02lp9*","Kyle Walker","MCI","D","336","FA","MCI 2<br/>@FUL 0 F","32.49","-","-","15","0","7","2","10","3","648","8","9","2"
"*05749*","Kieran Tierney","ARS","D","337","FA","ARS 2<br/>@SOU 1 F","32.4","-","-","13","1","8","1","5","0","132","4","6","6"
"*06r5b*","Diego Gomez","BHA","M","338","FA","BHA 4<br/>@TOT 1 F","32.34","-","-","16","1","9","3","13","0","238","9","10","0"
"*02lp5*","Adam Smith","BOU","D","339","FA","LEI 0<br/>@BOU 2 F","32.12","-","-","25","0","8","0","12","7","414","18","14","6"
"*02lpf*","Ross Barkley","AVL","M","340","FA","AVL 0<br/>@MUN 2 F","32.11","-","-","20","3","9","6","3","3","336","15","6","0"
"*04ge8*","Reiss Nelson","ARS/FUL","M,F","341","FA","MCI 2<br/>@FUL 0 F","32.09","-","-","12","1","13","6","6","1","222","23","0","0"
"*02m4d*","Craig Dawson","WOL","D","342","FA","BRF 1<br/>@WOL 1 F","31.86","-","-","15","0","2","1","3","2","484","6","21","3"
"*03ena*","Aaron Cresswell","WHU","D","343","FA","WHU 3<br/>@IPS 1 F","31.78","-","-","18","0","9","0","7","3","451","3","7","5"
"*0328q*","Tom Cairney","FUL","M","344","FA","MCI 2<br/>@FUL 0 F","31.7","-","-","25","2","11","4","5","6","562","24","5","0"
"*05m47*","George Hirst","IPS","F","345","FA","WHU 3<br/>@IPS 1 F","31.69","-","-","26","3","4","7","3","3","68","14","32","0"
"*05tr9*","Mathias Jensen","BRF","M","346","FA","BRF 1<br/>@WOL 1 F","31.61","-","-","24","0","16","1","10","2","331","19","8","0"
"*06pig*","Morato","NOT","D","347","FA","CHE 1<br/>@NOT 0 F","31.58","-","-","26","0","0","1","14","5","236","4","6","10"
"*03xrs*","Axel Tuanzebe","IPS","D","348","FA","WHU 3<br/>@IPS 1 F","31.38","-","-","22","0","5","0","19","6","578","16","23","1"
"*02y6o*","Nathan Ake","MCI","D","349","FA","MCI 2<br/>@FUL 0 F","31.32","-","-","10","0","1","0","7","0","502","1","13","2"
"*04mcg*","Ben Johnson","IPS","D,M","350","FA","WHU 3<br/>@IPS 1 F","31.29","-","-","23","1","12","3","22","6","249","14","19","1"
"*02oq7*","Jack Stephens","SOU","D","351","FA","ARS 2<br/>@SOU 1 F","31.26","-","-","19","1","3","2","20","8","867","4","6","2"
"*043c1*","Oleksandr Zinchenko","ARS","D","352","FA","ARS 2<br/>@SOU 1 F","31.06","-","-","15","0","3","0","1","1","350","6","12","5"
"*06rgg*","Michael Kayode","BRF","D","353","MOV","BRF 1<br/>@WOL 1 F","31.06","-","-","12","0","8","0","11","2","147","12","9","5"
"*045c8*","Gabriel Jesus","ARS","F","354","FA","ARS 2<br/>@SOU 1 F","30.69","-","-","17","3","8","8","6","4","152","19","9","0"
"*02yl5*","John Stones","MCI","D,M","355","FA","MCI 2<br/>@FUL 0 F","30.64","-","-","11","2","2","2","2","1","367","4","8","2"
"*04fk8*","Victor Lindelof","MUN","D","356","FA","AVL 0<br/>@MUN 2 F","30.49","-","-","16","0","3","0","2","1","356","1","17","4"
"*06mx0*","Leny Yoro","MUN","D","357","FA","AVL 0<br/>@MUN 2 F","30.36","-","-","21","0","2","1","11","5","700","4","16","2"
"*062a9*","Sven Botman","NEW","D","358","FA","EVE 1<br/>@NEW 0 F","30.34","-","-","8","0","2","2","9","1","219","5","17","3"
"*06873*","Joao Felix","CHE","M,F","359","FA","CHE 1<br/>@NOT 0 F","30.24","-","-","12","1","6","6","3","2","168","27","4","0"
"*04io4*","Richarlison","TOT","M,F","361","FA","BHA 4<br/>@TOT 1 F","30.15","-","-","15","4","4","7","3","2","60","14","10","0"
"*05y7i*","Jarell Quansah","LIV","D","362","FA","CRY 1<br/>@LIV 1 F","30.15","-","-","13","0","2","0","8","2","346","2","7","5"
"*05u4m*","Patson Daka","LEI","F","363","KLI","LEI 0<br/>@BOU 2 F","30.11","-","-","23","1","1","4","10","0","102","21","12","0"
"*0554t*","William Smallbone","SOU","M","364","FA","ARS 2<br/>@SOU 1 F","29.95","-","-","18","1","10","1","13","1","259","7","4","0"
"*03r93*","Joseph Gomez","LIV","D","365","FA","CRY 1<br/>@LIV 1 F","29.91","-","-","9","0","2","2","10","1","372","3","9","2"
"*061v9*","Diego Carlos","AVL","D","366","FA","AVL 0<br/>@MUN 2 F","29.84","-","-","10","0","0","1","3","1","534","3","11","2"
"*06mg6*","Wes Burns","IPS","M,F","367","FA","WHU 3<br/>@IPS 1 F","29.84","-","-","18","0","10","1","11","1","139","20","8","1"
"*06rm7*","Nico Gonzalez","MCI","M","368","FA","MCI 2<br/>@FUL 0 F","29.81","-","-","11","1","1","2","6","3","573","6","16","0"
"*06fhy*","Wilson Odobert","TOT","M,F","369","FA","BHA 4<br/>@TOT 1 F","29.72","-","-","16","1","6","4","5","0","206","15","4","0"
"*04ge7*","Donyell Malen","ARS/AVL","M,F","370","FA","AVL 0<br/>@MUN 2 F","29.61","-","-","14","3","3","9","4","0","52","9","4","0"
"*02ln2*","Jonny Evans","MUN","D","371","FA","AVL 0<br/>@MUN 2 F","29.58","-","-","7","0","0","1","6","1","190","7","10","5"
"*03vll*","Michail Antonio","WHU","F","372","FA","WHU 3<br/>@IPS 1 F","29.34","-","-","14","1","9","4","2","1","109","16","17","0"
"*06mpc*","Nathan Wood","SOU","D","373","FA","ARS 2<br/>@SOU 1 F","29.07","-","-","11","0","1","0","8","2","443","8","15","1"
"*05ojf*","Fabio Carvalho","BRF","M,F","374","FA","BRF 1<br/>@WOL 1 F","28.89","-","-","19","2","4","6","9","1","124","12","2","0"
"*05unu*","Romeo Lavia","CHE","M","375","FA","CHE 1<br/>@NOT 0 F","28.74","-","-","16","0","7","0","13","4","389","17","12","0"
"*03sbh*","Enes Unal","BOU","F","376","FA","LEI 0<br/>@BOU 2 F","28.69","-","-","17","2","4","7","0","2","63","10","24","0"
"*04ug0*","Sean Longstaff","NEW","M","377","FA","EVE 1<br/>@NEW 0 F","28.68","-","-","25","0","4","1","16","2","295","8","9","0"
"*05n03*","Kalvin Phillips","IPS","M","378","FA","WHU 3<br/>@IPS 1 F","28.5","-","-","19","0","5","2","19","7","428","25","8","0"
"*05rff*","Jaden Philogene-Bidace","AVL/IPS","M,F","379","FA","WHU 3<br/>@IPS 1 F","28.49","-","-","21","2","6","6","12","6","153","27","5","0"
"*03ar4*","Adam Armstrong","SOU","M,F","380","FA","ARS 2<br/>@SOU 1 F","28.48","-","-","20","2","9","9","3","4","225","11","5","0"
"*06mfy*","Luke Woolfenden","IPS","D","381","FA","WHU 3<br/>@IPS 1 F","28.41","-","-","15","0","0","0","6","2","495","2","15","1"
"*05w91*","Hwang Hee-Chan","WOL","M,F","382","FA","BRF 1<br/>@WOL 1 F","28.28","-","-","21","2","3","3","4","0","158","11","3","0"
"*06mg2*","Jack Taylor","IPS","M","383","FA","WHU 3<br/>@IPS 1 F","28.09","-","-","32","1","5","4","10","4","347","9","7","0"
"*06eka*","Igor Julio","BHA","D","384","FA","BHA 4<br/>@TOT 1 F","28.03","-","-","13","0","2","0","5","4","661","11","8","1"
"*06kx1*","Justin Devenny","CRY","M,F","385","FA","CRY 1<br/>@LIV 1 F","28.02","-","-","23","1","7","6","12","1","145","2","2","0"
"*052cd*","Mason Mount","MUN","M,F","387","FA","AVL 0<br/>@MUN 2 F","27.71","-","-","17","1","8","9","5","3","199","10","4","0"
"*052k8*","Tommy Doyle","WOL","M","388","FA","BRF 1<br/>@WOL 1 F","27.58","-","-","24","0","7","2","6","1","316","10","1","0"
"*06mg7*","Conor Chaplin","IPS","M,F","389","FA","WHU 3<br/>@IPS 1 F","27.55","-","-","22","1","8","4","5","2","229","11","3","0"
"*04rzl*","Taiwo Awoniyi","NOT","F","390","FA","CHE 1<br/>@NOT 0 F","27.55","-","-","26","1","2","4","3","0","61","14","14","0"
"*062h9*","Luis Sinisterra","BOU","M,F","391","FA","LEI 0<br/>@BOU 2 F","27.54","-","-","12","1","9","6","2","0","71","10","3","0"
"*061vb*","James Hill","BOU","D","392","FA","LEI 0<br/>@BOU 2 F","27.52","-","-","10","0","3","0","8","1","147","6","15","2"
"*03v6t*","Ben Chilwell","CHE/CRY","D,M","393","FA","CRY 1<br/>@LIV 1 F","27.45","-","-","8","1","5","3","6","1","68","5","3","3"
"*06r9w*","Abdukodir Khusanov","MCI","D","394","FA","MCI 2<br/>@FUL 0 F","27.44","-","-","6","0","2","0","4","1","357","3","7","2"
"*04xjr*","Harvey Elliott","LIV","M,F","395","ACB","CRY 1<br/>@LIV 1 F","27.38","-","-","18","1","10","4","3","1","229","5","1","0"
"*06fxu*","Ibrahim Sangare","NOT","M","396","FA","CHE 1<br/>@NOT 0 F","27.14","-","-","13","0","5","1","14","3","273","8","10","0"
"*06635*","Oliver Scarles","WHU","D,M","397","FA","WHU 3<br/>@IPS 1 F","27.11","-","-","15","0","2","0","11","1","263","5","6","1"
"*06ab3*","Lewis Miley","NEW","M","398","FA","EVE 1<br/>@NEW 0 F","27.1","-","-","14","1","1","2","11","0","168","2","6","0"
"*05mxc*","Timo Werner","TOT","M,F","399","FA","BHA 4<br/>@TOT 1 F","27.07","-","-","18","0","10","3","4","0","147","15","0","0"
"*06p7o*","Ramon Sosa","NOT","F","400","FA","CHE 1<br/>@NOT 0 F","26.79","-","-","19","1","8","5","3","1","60","16","4","0"
"*06804*","Benoit Badiashile","CHE","D","401","FA","CHE 1<br/>@NOT 0 F","26.55","-","-","5","0","0","0","6","0","273","2","8","1"
"*05vyj*","Evan Ferguson","BHA/WHU","F","402","FA","WHU 3<br/>@IPS 1 F","26.5","-","-","21","1","5","3","4","0","71","7","9","0"
"*03dxq*","Danny Ings","WHU","F","403","FA","WHU 3<br/>@IPS 1 F","26.44","-","-","15","1","6","5","2","0","63","6","8","0"
"*05uhs*","James Mcatee","MCI","M,F","404","FA","MCI 2<br/>@FUL 0 F","26.3","-","-","15","3","3","4","2","1","98","5","2","0"
"*04qfy*","Ricardo Pereira","LEI","D","405","FA","LEI 0<br/>@BOU 2 F","26.01","-","-","10","0","0","1","8","1","174","14","4","1"
"*02t1k*","Nathaniel Clyne","CRY","D","406","FA","CRY 1<br/>@LIV 1 F","25.95","-","-","13","0","3","0","8","1","158","2","1","3"
"*06phe*","Ferdi Kadioglu","BHA","D,M","407","FA","BHA 4<br/>@TOT 1 F","25.85","-","-","6","1","5","1","6","1","128","6","3","1"
"*06fso*","Wataru Endo","LIV","M","409","FA","CRY 1<br/>@LIV 1 F","25.4","-","-","20","0","2","0","8","0","178","9","3","0"
"*04rd0*","Bobby De Cordova-Reid","LEI","M,F","410","FA","LEI 0<br/>@BOU 2 F","25.37","-","-","23","1","6","3","4","2","139","9","6","0"
"*02lkp*","Raheem Sterling","CHE/ARS","M,F","411","FA","ARS 2<br/>@SOU 1 F","25.35","-","-","17","0","8","0","4","1","154","18","1","0"
"*06mgm*","Ross Stewart","SOU","F","412","FA","ARS 2<br/>@SOU 1 F","25.22","-","-","12","1","0","2","4","1","67","10","13","0"
"*06oav*","Guido Rodriguez","WHU","M","413","FA","WHU 3<br/>@IPS 1 F","25.2","-","-","23","0","4","1","19","6","478","15","11","0"
"*02oq6*","Luke Shaw","MUN","D","414","FA","AVL 0<br/>@MUN 2 F","24.99","-","-","7","0","5","0","3","1","246","1","3","1"
"*05r4h*","Lamare Bogarde","AVL","D","415","FA","AVL 0<br/>@MUN 2 F","24.79","-","-","8","0","2","1","6","2","223","13","6","0"
"*05t6z*","Tim Iroegbunam","EVE","M","416","FA","EVE 1<br/>@NEW 0 F","24.71","-","-","18","0","3","0","14","4","115","20","11","0"
"*06r5c*","Welington Damascena Santos","SOU","D,M","417","FA","ARS 2<br/>@SOU 1 F","24.68","-","-","10","0","3","0","9","1","118","13","5","0"
"*05yct*","Nathan Patterson","EVE","D","418","FA","EVE 1<br/>@NEW 0 F","24.64","-","-","10","0","4","0","6","1","95","10","1","2"
"*062ot*","Cheick Doucoure","CRY","M","419","FA","CRY 1<br/>@LIV 1 F","24.4","-","-","13","0","1","0","8","1","174","9","5","0"
"*05ts6*","Yerson Mosquera","WOL","D","420","FA","BRF 1<br/>@WOL 1 F","24.38","-","-","5","0","2","0","7","2","204","7","11","0"
"*04t95*","Oliver Skipp","TOT/LEI","M","421","FA","LEI 0<br/>@BOU 2 F","24.33","-","-","24","0","9","1","4","8","418","20","12","0"
"*05746*","Emil Krafth","NEW","D","422","FA","EVE 1<br/>@NEW 0 F","24.24","-","-","12","0","1","0","2","2","111","2","8","4"
"*06r9v*","Andres Garcia","AVL","D,F","423","FA","AVL 0<br/>@MUN 2 F","24.2","-","-","7","0","3","0","5","0","146","5","0","1"
"*06l2r*","Harry Amass","MUN","D,M","424","FA","AVL 0<br/>@MUN 2 F","24.15","-","-","5","0","1","0","2","0","125","7","7","1"
"*05gvx*","Armando Broja","CHE/EVE","F","425","FA","EVE 1<br/>@NEW 0 F","24.06","-","-","10","0","4","0","1","1","53","12","18","0"
"*0620j*","Armel Bella Kotchap","SOU","D","426","FA","ARS 2<br/>@SOU 1 F","23.93","-","-","4","0","0","0","5","0","202","2","6","0"
"*051k5*","Lloyd Kelly","NEW","D","427","FA","EVE 1<br/>@NEW 0 F","23.92","-","-","10","0","2","0","4","2","134","7","7","2"
"*06r9h*","Romain Esse","CRY","M","428","FA","CRY 1<br/>@LIV 1 F","23.68","-","-","7","1","3","1","6","0","32","5","3","0"
"*06igk*","Ben Brereton","SOU","M,F","429","FA","ARS 2<br/>@SOU 1 F","23.61","-","-","10","0","3","1","2","1","126","9","9","0"
"*05gcc*","Kiernan Dewsbury-Hall","CHE","M","430","FA","CHE 1<br/>@NOT 0 F","23.55","-","-","13","0","3","0","5","0","127","8","0","0"
"*04f67*","Philip Billing","BOU","M","431","FA","LEI 0<br/>@BOU 2 F","23.46","-","-","10","0","9","1","5","1","67","3","6","0"
"*037mo*","Willian","FUL","M,F","432","FA","MCI 2<br/>@FUL 0 F","23.46","-","-","10","0","7","0","2","0","168","1","1","0"
"*06crn*","Toby Collyer","MUN","M","433","FA","AVL 0<br/>@MUN 2 F","23.41","-","-","6","0","2","0","9","0","74","5","3","0"
"*04s8k*","Jorginho","ARS","M","434","FA","ARS 2<br/>@SOU 1 F","23.38","-","-","15","0","3","0","4","5","411","18","2","0"
"*04fyc*","Charlie Taylor","SOU","D","435","FA","ARS 2<br/>@SOU 1 F","23.34","-","-","8","0","1","0","5","1","177","5","6","0"
"*06p4l*","Julian Araujo","BOU","D","437","FA","LEI 0<br/>@BOU 2 F","22.97","-","-","12","0","1","0","5","2","156","2","3","2"
"*03297*","Conor Townsend","IPS","D","438","FA","WHU 3<br/>@IPS 1 F","22.78","-","-","6","0","4","0","8","1","64","4","6","0"
"*05s00*","Daniel Jebbison","BOU","F","439","FA","LEI 0<br/>@BOU 2 F","22.76","-","-","16","1","3","2","3","1","33","8","3","0"
"*06kqy*","Ayden Heaven","ARS/MUN","D","440","FA","AVL 0<br/>@MUN 2 F","22.75","-","-","4","0","1","0","3","1","90","6","2","2"
"*0649i*","Antony","MUN","M,F","441","FA","AVL 0<br/>@MUN 2 F","22.7","-","-","8","0","3","3","3","0","48","9","0","0"
"*04qr0*","Willy Boly","NOT","D","442","FA","CHE 1<br/>@NOT 0 F","22.68","-","-","6","0","0","1","1","1","55","0","6","3"
"*06nyw*","Jorge Cuenca","FUL","D","443","FA","MCI 2<br/>@FUL 0 F","22.62","-","-","8","0","0","0","2","0","143","4","6","0"
"*064op*","Tyler Fredricson","MUN","D","444","FA","AVL 0<br/>@MUN 2 F","22.39","-","-","2","0","0","0","3","0","110","3","7","0"
"*06lox*","Mikey Moore","TOT","M,F","445","FA","BHA 4<br/>@TOT 1 F","22.19","-","-","10","0","3","1","1","0","64","9","1","0"
"*06mgp*","Luis Guilherme","WHU","F","446","FA","WHU 3<br/>@IPS 1 F","22.16","-","-","12","0","3","1","0","0","54","11","2","0"
"*06mn0*","Igor Thiago","BRF","F","447","FA","BRF 1<br/>@WOL 1 F","22.12","-","-","8","0","2","0","3","0","40","6","7","0"
"*05t6x*","William Osula","NEW","F","448","FA","EVE 1<br/>@NEW 0 F","22.11","-","-","14","1","2","1","0","0","18","4","6","0"
"*06jh3*","Joshua King","FUL","M","449","FA","MCI 2<br/>@FUL 0 F","22.05","-","-","8","0","3","0","5","0","53","6","1","0"
"*02lpl*","Seamus Coleman","EVE","D","450","FA","EVE 1<br/>@NEW 0 F","22.03","-","-","5","0","0","1","2","1","57","5","2","2"
"*02opy*","Adam Lallana","SOU","M","451","FA","ARS 2<br/>@SOU 1 F","21.85","-","-","14","0","4","0","5","4","218","13","2","0"
"*06cm4*","Chiedozie Ogbene","LUT/IPS","M,F","452","FA","WHU 3<br/>@IPS 1 F","21.68","-","-","5","0","2","0","3","0","31","8","1","0"
"*04yo6*","Miguel Almiron","NEW","M,F","453","FA","EVE 1<br/>@NEW 0 F","21.57","-","-","9","0","3","2","2","0","53","4","0","0"
"*06kwp*","Josh Acheampong","CHE","D","454","FA","CHE 1<br/>@NOT 0 F","21.53","-","-","4","0","0","0","1","1","103","2","1","2"
"*06l4i*","Tyrique George","CHE","F","455","FA","CHE 1<br/>@NOT 0 F","21.53","-","-","8","1","6","1","0","1","41","3","0","0"
"*04tsf*","Paris Maghoma","BRF","M","456","FA","BRF 1<br/>@WOL 1 F","21.33","-","-","8","0","1","0","1","0","76","7","1","0"
"*068a3*","Danilo","NOT","M","457","FA","CHE 1<br/>@NOT 0 F","21.32","-","-","8","0","0","0","4","0","94","3","1","0"
"*06rm9*","Nasser Djiga","WOL","D","458","FA","BRF 1<br/>@WOL 1 F","21.26","-","-","5","0","0","0","0","0","38","1","1","2"
"*02lot*","Massimo Luongo","IPS","M","459","FA","WHU 3<br/>@IPS 1 F","21.11","-","-","11","0","0","0","6","0","50","2","2","0"
"*068a1*","Mykhailo Mudryk","CHE","M","460","FA","CHE 1<br/>@NOT 0 F","20.94","-","-","7","0","2","1","2","0","27","5","2","0"
"*04lax*","Hamza Choudhury","LEI","M","462","FA","LEI 0<br/>@BOU 2 F","20.9","-","-","4","0","2","0","1","0","68","3","0","0"
"*06mry*","Renato Veiga","CHE","M","463","FA","CHE 1<br/>@NOT 0 F","20.86","-","-","7","0","0","1","6","2","111","4","3","0"
"*03dyl*","Jeffrey Schlupp","CRY","M","464","FA","CRY 1<br/>@LIV 1 F","20.81","-","-","12","0","3","2","0","0","37","1","3","0"
"*06phn*","Jay Robinson","SOU","D,F","465","FA","ARS 2<br/>@SOU 1 F","20.75","-","-","4","0","3","1","1","0","23","7","0","0"
"*051kg*","Max Aarons","BOU","D","466","FA","LEI 0<br/>@BOU 2 F","20.68","-","-","3","0","0","0","2","0","41","2","0","1"
"*06exa*","Matheus Franca","CRY","F","467","FA","CRY 1<br/>@LIV 1 F","20.67","-","-","4","1","0","3","0","0","10","0","1","0"
"*05tqz*","Rico Henry","BRF","D","468","FA","BRF 1<br/>@WOL 1 F","20.61","-","-","5","0","0","0","2","0","25","2","2","1"
"*052cc*","Billy Gilmour","BHA","M","469","FA","BHA 4<br/>@TOT 1 F","20.6","-","-","2","0","0","0","3","0","58","4","0","0"
"*05ohc*","Sergio Reguilon","TOT","D,M","470","FA","BHA 4<br/>@TOT 1 F","20.55","-","-","4","0","1","0","3","2","76","8","5","0"
"*051kl*","Emiliano Buendia","AVL","M","471","FA","AVL 0<br/>@MUN 2 F","20.52","-","-","12","0","1","0","6","1","49","6","0","0"
"*06mrz*","Pedro Lima","WOL","D","472","FA","BRF 1<br/>@WOL 1 F","20.5","-","-","3","0","2","1","0","0","20","2","0","1"
"*06ils*","Yunus Konak","BRF","M","473","FA","BRF 1<br/>@WOL 1 F","20.47","-","-","10","0","0","0","4","0","25","1","5","0"
"*06rmv*","Jeremy Monga","LEI","M","474","FA","LEI 0<br/>@BOU 2 F","20.45","-","-","7","0","1","1","1","0","18","7","0","0"
"*05ubt*","Harry Clarke","IPS","D","475","FA","WHU 3<br/>@IPS 1 F","20.44","-","-","7","0","1","1","3","4","171","2","10","0"
"*03rvw*","Harry Toffolo","NOT","D","476","FA","CHE 1<br/>@NOT 0 F","20.43","-","-","4","0","0","0","3","1","28","0","1","2"
"*0524k*","Rodri","MCI","M","477","FA","MCI 2<br/>@FUL 0 F","20.39","-","-","3","0","1","0","1","0","64","2","1","0"
"*06mnn*","Chadi Riad","CRY","D","478","FA","CRY 1<br/>@LIV 1 F","20.38","-","-","1","0","0","0","2","0","70","0","2","0"
"*06kyv*","Kosta Nedeljkovic","AVL","D","479","FA","AVL 0<br/>@MUN 2 F","20.26","-","-","5","0","0","0","5","0","37","2","0","0"
"*06kyx*","Andy Irving","WHU","M","480","FA","WHU 3<br/>@IPS 1 F","20.22","-","-","10","0","1","2","4","2","108","2","1","0"
"*05w9q*","Odsonne Edouard","CRY/LEI","F","481","FA","LEI 0<br/>@BOU 2 F","20.22","-","-","6","0","2","1","1","0","23","1","2","0"
"*067xc*","Carlos Borges","MCI/WOL","F","482","FA","BRF 1<br/>@WOL 1 F","20.16","-","-","10","0","1","0","5","2","57","8","1","0"
"*02lv9*","James Milner","BHA","D,M","483","FA","BHA 4<br/>@TOT 1 F","20.11","-","-","4","0","4","1","2","1","52","2","0","0"
"*06phw*","Federico Chiesa","LIV","F","484","FA","CRY 1<br/>@LIV 1 F","20.01","-","-","6","0","2","2","0","0","26","2","0","0"
"*03r8x*","Callum Wilson","NEW","F","485","FA","EVE 1<br/>@NEW 0 F","19.96","-","-","18","0","3","1","2","1","39","2","2","0"
"*03dx7*","Ben Mee","BRF","D","486","FA","BRF 1<br/>@WOL 1 F","19.93","-","-","7","0","0","0","2","2","90","0","5","1"
"*062ft*","Tyrell Malacia","MUN","D,M","487","FA","AVL 0<br/>@MUN 2 F","19.83","-","-","3","0","1","0","1","1","43","3","0","1"
"*06onu*","Roman Dixon","EVE","D","488","FA","EVE 1<br/>@NEW 0 F","19.31","-","-","1","0","0","0","5","0","9","0","0","0"
"*06nbt*","Jahmai Simpson-Pusey","MCI","D","489","FA","MCI 2<br/>@FUL 0 F","19.27","-","-","2","0","0","0","0","1","106","1","1","0"
"*06ra5*","Albert Gronbaek","SOU","M,F","490","FA","ARS 2<br/>@SOU 1 F","19.25","-","-","4","0","1","0","1","0","13","1","2","0"
"*03r8r*","Ryan Fraser","NEW/SOU","M","491","FA","ARS 2<br/>@SOU 1 F","19.24","-","-","8","0","2","1","2","3","74","6","2","0"
"*066iz*","Lewis Orford","WHU","M","492","FA","WHU 3<br/>@IPS 1 F","19.21","-","-","2","0","2","0","0","0","32","0","0","0"
"*06r8v*","Woyo Coulibaly","LEI","D","493","FA","LEI 0<br/>@BOU 2 F","19.18","-","-","4","0","0","1","4","1","37","1","0","0"
"*05w90*","Maxwel Cornet","WHU/SOU","F","494","FA","ARS 2<br/>@SOU 1 F","19.15","-","-","2","0","0","0","5","1","17","1","3","0"
"*05r37*","Jakub Moder","BHA","M","495","FA","BHA 4<br/>@TOT 1 F","19.07","-","-","4","0","3","0","0","0","17","0","0","0"
"*037mt*","Harrison Reed","FUL","M","496","FA","MCI 2<br/>@FUL 0 F","19.06","-","-","12","0","1","2","3","2","38","2","1","0"
"*04e1k*","Solly March","BHA","M","497","FA","BHA 4<br/>@TOT 1 F","18.99","-","-","8","0","3","0","3","2","49","3","1","0"
"*05ye7*","Oscar Bobb","MCI","M","498","FA","MCI 2<br/>@FUL 0 F","18.94","-","-","3","0","1","0","0","0","13","3","0","0"
"*06rlf*","Eiran Cashin","BHA","D,M","499","FA","BHA 4<br/>@TOT 1 F","18.83","-","-","2","0","0","0","0","0","23","0","2","0"
"*05nip*","Dane Scarlett","TOT","F","500","FA","BHA 4<br/>@TOT 1 F","18.82","-","-","3","0","1","1","0","0","3","1","1","0"
"*05gcq*","Daniel Podence","WOL","M","501","FA","BRF 1<br/>@WOL 1 F","18.82","-","-","2","0","0","0","0","0","11","4","0","0"
"*06mnm*","Marc Guiu","CHE","F","502","FA","CHE 1<br/>@NOT 0 F","18.7","-","-","3","0","1","0","1","0","11","0","0","0"
"*05opn*","Carlos Vinicius","FUL","F","503","FA","MCI 2<br/>@FUL 0 F","18.64","-","-","3","0","0","1","0","0","1","3","0","0"
"*06r7f*","Julio Soler","BOU","D","504","FA","LEI 0<br/>@BOU 2 F","18.61","-","-","3","0","0","0","1","0","11","1","0","0"
"*06roj*","Chido Obi-Martin","MUN","F","505","FA","AVL 0<br/>@MUN 2 F","18.61","-","-","7","0","0","1","1","1","20","2","2","0"
"*06441*","Martial Godo","FUL","F","507","FA","MCI 2<br/>@FUL 0 F","18.58","-","-","2","0","1","0","0","0","10","1","0","0"
"*06dpw*","Ji-Soo Kim","BRF","D","508","FA","BRF 1<br/>@WOL 1 F","18.57","-","-","3","0","0","0","0","0","25","0","0","0"
"*06mnd*","Eric da Silva Moreira","NOT","F","509","FA","CHE 1<br/>@NOT 0 F","18.48","-","-","2","0","0","0","2","0","5","0","0","0"
"*051ki*","Ben Godfrey","EVE/IPS","D","510","FA","WHU 3<br/>@IPS 1 F","18.44","-","-","3","0","0","0","0","1","41","0","3","0"
"*05uhw*","Samuel Edozie","SOU","M","511","FA","ARS 2<br/>@SOU 1 F","18.39","-","-","2","0","1","0","1","1","24","3","0","0"
"*06mg1*","Marcus Harness","IPS","M","512","FA","WHU 3<br/>@IPS 1 F","18.37","-","-","2","0","0","0","0","0","10","0","0","0"
"*06nvc*","Asher Agbinone","CRY","M","513","FA","CRY 1<br/>@LIV 1 F","18.37","-","-","2","0","1","0","1","0","2","0","0","0"
"*06s7s*","Harry Howell","BHA","M,F","514","FA","BHA 4<br/>@TOT 1 F","18.36","-","-","1","0","0","0","1","0","8","0","0","0"
"*066sz*","Alfie Dorrington","TOT","D","515","FA","BHA 4<br/>@TOT 1 F","18.35","-","-","1","0","0","0","0","0","15","0","0","0"
"*06r7j*","Joachim Kayi-Sanda","SOU","D","516","FA","ARS 2<br/>@SOU 1 F","18.35","-","-","2","0","0","0","0","0","15","0","0","0"
"*04civ*","Scott McTominay","MUN","M","517","FA","AVL 0<br/>@MUN 2 F","18.34","-","-","2","0","0","0","0","0","9","0","1","0"
"*06qgn*","Shumaira Mheuka","CHE","F","518","FA","CHE 1<br/>@NOT 0 F","18.34","-","-","1","0","0","1","0","0","0","0","1","0"
"*06phr*","Gustavo Nunes","BRF","F","519","FA","BRF 1<br/>@WOL 1 F","18.33","-","-","3","0","0","0","2","0","1","0","0","0"
"*06qwh*","Ben Winterburn","BOU","M","520","FA","LEI 0<br/>@BOU 2 F","18.33","-","-","4","0","0","0","0","0","5","1","1","0"
"*0372y*","Matt Targett","NEW","D","521","FA","EVE 1<br/>@NEW 0 F","18.28","-","-","2","0","0","0","0","0","13","0","0","0"
"*05w9r*","Takehiro Tomiyasu","ARS","D","522","FA","ARS 2<br/>@SOU 1 F","18.28","-","-","1","0","0","0","0","0","3","0","0","0"
"*0643w*","Ryan Trevitt","BRF","M","523","FA","BRF 1<br/>@WOL 1 F","18.21","-","-","1","0","0","0","1","0","4","0","0","0"
"*06s7t*","Olabade Aluko","LEI","D","524","FA","LEI 0<br/>@BOU 2 F","18.18","-","-","1","0","0","0","1","0","3","0","0","0"
"*06nvb*","Caleb Kporha","CRY","D","525","FA","CRY 1<br/>@LIV 1 F","18.18","-","-","2","0","0","0","1","0","3","0","0","0"
"*066sc*","Nathan Butler-Oyedeji","ARS","M,F","526","FA","ARS 2<br/>@SOU 1 F","18.17","-","-","1","0","0","1","0","0","0","0","0","0"
"*06rpm*","Mateus Mane","WOL","F","527","FA","BRF 1<br/>@WOL 1 F","18.15","-","-","1","0","0","0","0","0","4","0","1","0"
"*05ygj*","Chiquinho","WOL","F","529","FA","BRF 1<br/>@WOL 1 F","18.14","-","-","1","0","1","0","0","0","2","0","0","0"
"*06s7u*","Jake Evans","LEI","F","528","FA","LEI 0<br/>@BOU 2 F","18.14","-","-","4","0","0","0","1","0","2","0","0","0"
"*06r9g*","Zain Silcott-Duberry","BOU","F","530","FA","LEI 0<br/>@BOU 2 F","18.11","-","-","1","0","0","0","1","0","1","0","0","0"
"*06rmi*","Mathis Amougou","CHE","M","531","FA","CHE 1<br/>@NOT 0 F","18.1","-","-","1","0","0","0","0","0","7","0","0","0"
"*0645x*","Divin Mubama","WHU/MCI","M,F","532","FA","MCI 2<br/>@FUL 0 F","18.08","-","-","1","0","0","0","0","0","2","0","0","0"
"*05ue7*","Frank Onyeka","BRF","M","533","FA","BRF 1<br/>@WOL 1 F","18.06","-","-","2","0","0","0","0","0","6","0","0","0"
"*05x9k*","Jeremy Sarmiento","BHA","M,F","534","FA","BHA 4<br/>@TOT 1 F","18.06","-","-","1","0","0","0","0","0","6","0","0","0"
"*06r9x*","Vitor Reis","MCI","D","535","FA","MCI 2<br/>@FUL 0 F","18.06","-","-","1","0","0","0","0","0","2","1","0","0"
"*06mp2*","Ronnie Edwards","SOU","D","536","FA","ARS 2<br/>@SOU 1 F","18.02","-","-","1","0","0","0","0","0","5","0","0","0"
"*066iy*","Kaelan Casey","WHU","D","537","FA","WHU 3<br/>@IPS 1 F","18.01","-","-","1","0","0","0","0","0","0","0","1","0"
"*06few*","Youssef Chermiti","EVE","F","538","FA","EVE 1<br/>@NEW 0 F","17.98","-","-","4","0","0","1","0","1","6","2","2","0"
"*06kyw*","Claudio Echeverri","MCI","M","539","FA","MCI 2<br/>@FUL 0 F","17.95","-","-","1","0","0","0","0","0","3","0","0","0"
"*06mgk*","Jayden Meghoma","SOU/BRF","D","540","FA","BRF 1<br/>@WOL 1 F","17.95","-","-","1","0","0","0","0","0","3","0","0","0"
"*06onv*","Harrison Armstrong","EVE","M","541","FA","EVE 1<br/>@NEW 0 F","17.89","-","-","3","0","1","0","0","1","7","3","0","0"
"*05ye6*","Will Alves","LEI","M","542","FA","LEI 0<br/>@BOU 2 F","17.88","-","-","1","0","0","0","0","0","1","0","0","0"
"*06klv*","Jayden Danns","LIV","F","543","FA","CRY 1<br/>@LIV 1 F","17.88","-","-","1","0","0","0","0","0","1","0","0","0"
"*06mfx*","George Edmundson","IPS","D","544","FA","WHU 3<br/>@IPS 1 F","17.88","-","-","1","0","0","0","0","0","1","0","0","0"
"*06fwj*","Alfie Pond","WOL","D","545","FA","BRF 1<br/>@WOL 1 F","17.88","-","-","1","0","0","0","0","0","1","0","0","0"
"*06igr*","Michael Golding","LEI","M","546","FA","LEI 0<br/>@BOU 2 F","17.84","-","-","1","0","0","0","0","0","0","0","0","0"
"*03v6s*","Mason Holgate","EVE","D","547","FA","EVE 1<br/>@NEW 0 F","17.84","-","-","1","0","0","0","0","0","0","0","0","0"
"*066t2*","Will Lankshear","TOT","F","548","FA","BHA 4<br/>@TOT 1 F","17.84","-","-","3","0","0","0","0","0","0","0","0","0"
"*06r3w*","Remy Rees-Dottin","BOU","F","549","FA","LEI 0<br/>@BOU 2 F","17.84","-","-","1","0","0","0","0","0","0","0","0","0"
"*061vo*","Jay Stansfield","FUL","F","550","FA","MCI 2<br/>@FUL 0 F","17.84","-","-","1","0","0","0","0","0","0","0","0","0"
"*064a1*","Boubacar Traore","WOL","M","551","FA","BRF 1<br/>@WOL 1 F","17.84","-","-","1","0","0","0","0","0","0","0","0","0"
"*02lkt*","Ali Al-Hamadi","IPS","F","552","FA","WHU 3<br/>@IPS 1 F","17.78","-","-","11","0","2","0","0","3","25","7","5","0"
"*0329y*","Joel Ward","CRY","D","553","FA","CRY 1<br/>@LIV 1 F","17.68","-","-","2","0","1","0","0","1","14","0","1","0"
"*06byb*","Samuel Amo-Ameyaw","SOU","M,F","554","FA","ARS 2<br/>@SOU 1 F","17.58","-","-","2","0","1","0","0","1","7","2","0","0"
"*06442*","Zach Abbott","NOT","D","563","FA","CHE 1<br/>@NOT 0 F","0","-","-","0","0","0","0","0","0","0","0","0","0"
"*067y2*","Daniel Adu-Addei","BOU","M,F","564","FA","LEI 0<br/>@BOU 2 F","0","-","-","0","0","0","0","0","0","0","0","0","0"
"*0620k*","Nayef Aguerd","WHU","D","565","FA","WHU 3<br/>@IPS 1 F","0","-","-","0","0","0","0","0","0","0","0","0","0"
"*068ys*","Naouirou Ahamada","CRY","M","566","FA","CRY 1<br/>@LIV 1 F","0","-","-","0","0","0","0","0","0","0","0","0","0"
"*06q2h*","Damola Ajayi","TOT","F","567","FA","BHA 4<br/>@TOT 1 F","0","-","-","0","0","0","0","0","0","0","0","0","0"
"*06php*","Romeo Akachukwu","SOU","M","568","FA","ARS 2<br/>@SOU 1 F","0","-","-","0","0","0","0","0","0","0","0","0","0"
"*06r5r*","Matai Akinmboni","BOU","D","569","FA","LEI 0<br/>@BOU 2 F","0","-","-","0","0","0","0","0","0","0","0","0","0"
"*06qlh*","Farid Alfa-Ruprecht","MCI","F","570","FA","MCI 2<br/>@FUL 0 F","0","-","-","0","0","0","0","0","0","0","0","0","0"
"*067x6*","Max Alleyne","MCI","D","571","FA","MCI 2<br/>@FUL 0 F","0","-","-","0","0","0","0","0","0","0","0","0","0"
"*06ewp*","Samuel Amissah","FUL","D","572","FA","MCI 2<br/>@FUL 0 F","0","-","-","0","0","0","0","0","0","0","0","0","0"
"*06qzj*","Ato Ampah","CHE","M,F","573","FA","CHE 1<br/>@NOT 0 F","0","-","-","0","0","0","0","0","0","0","0","0","0"
"*05vyh*","Andy Moran","BHA","M","732","FA","BHA 4<br/>@TOT 1 F","0","-","-","0","0","0","0","0","0","0","0","0","0"
"*06dmk*","Angelo","CHE","F","594","FA","CHE 1<br/>@NOT 0 F","0","-","-","0","0","0","0","0","0","0","0","0","0"
"*059j0*","Faustino Anjorin","CHE","M","574","FA","CHE 1<br/>@NOT 0 F","0","-","-","0","0","0","0","0","0","0","0","0","0"
"*06r5m*","Aaron Anselmino","CHE","D","575","FA","CHE 1<br/>@NOT 0 F","0","-","-","0","0","0","0","0","0","0","0","0","0"
"*061vk*","Jaidon Anthony","BOU","F","576","FA","LEI 0<br/>@BOU 2 F","0","-","-","0","0","0","0","0","0","0","0","0","0"
"*06rrg*","Genesis Antwi","CHE","D","577","FA","CHE 1<br/>@NOT 0 F","0","-","-","0","0","0","0","0","0","0","0","0","0"
"*06kwh*","Benjamin Arthur","BRF","D","578","FA","BRF 1<br/>@WOL 1 F","0","-","-","0","0","0","0","0","0","0","0","0","0"
"*05ogh*","Harrison Ashby","NEW","D","579","FA","EVE 1<br/>@NEW 0 F","0","-","-","0","0","0","0","0","0","0","0","0","0"
"*06mg5*","Leon Ayinde","IPS","M","580","FA","WHU 3<br/>@IPS 1 F","0","-","-","0","0","0","0","0","0","0","0","0","0"
"*062p0*","Stefan Bajcetic","LIV","M","581","FA","CRY 1<br/>@LIV 1 F","0","-","-","0","0","0","0","0","0","0","0","0","0"
"*06j20*","Valentin Barco","BHA","D","583","FA","BHA 4<br/>@TOT 1 F","0","-","-","0","0","0","0","0","0","0","0","0","0"
"*06po7*","Owen Barker","EVE","M","584","FA","EVE 1<br/>@NEW 0 F","0","-","-","0","0","0","0","0","0","0","0","0","0"
"*06mna*","Enzo Barrenechea","AVL","M","585","FA","AVL 0<br/>@MUN 2 F","0","-","-","0","0","0","0","0","0","0","0","0","0"
"*06qqm*","Callum Bates","EVE","M","586","FA","EVE 1<br/>@NEW 0 F","0","-","-","0","0","0","0","0","0","0","0","0","0"
"*06sj8*","Somto Boniface","IPS","D","593","FA","WHU 3<br/>@IPS 1 F","0","-","-","0","0","0","0","0","0","0","0","0","0"
"*06pru*","Aidan Borland","AVL","M","595","FA","AVL 0<br/>@MUN 2 F","0","-","-","0","0","0","0","0","0","0","0","0","0"
"*06cm7*","Josh Bowler","NOT","M","597","FA","CHE 1<br/>@NOT 0 F","0","-","-","0","0","0","0","0","0","0","0","0","0"
"*06mgl*","Cameron Bragg","SOU","M","598","FA","ARS 2<br/>@SOU 1 F","0","-","-","0","0","0","0","0","0","0","0","0","0"
"*06pry*","Kaden Braithwaite","MCI","D","599","FA","MCI 2<br/>@FUL 0 F","0","-","-","0","0","0","0","0","0","0","0","0","0"
"*05ye5*","Sammy Braybrooke","LEI","M","600","FA","LEI 0<br/>@BOU 2 F","0","-","-","0","0","0","0","0","0","0","0","0","0"
"*06prw*","Ben Broggio","AVL","M","602","FA","AVL 0<br/>@MUN 2 F","0","-","-","0","0","0","0","0","0","0","0","0","0"
"*06r7l*","Bradley Burrowes","AVL","M","603","FA","AVL 0<br/>@MUN 2 F","0","-","-","0","0","0","0","0","0","0","0","0","0"
"*06po6*","Luke Butterfield","EVE","M","604","FA","EVE 1<br/>@NEW 0 F","0","-","-","0","0","0","0","0","0","0","0","0","0"
"*05a6j*","Chem Campbell","WOL","M","606","FA","BRF 1<br/>@WOL 1 F","0","-","-","0","0","0","0","0","0","0","0","0","0"
"*06qzv*","Henry Cartwright","LEI","M","608","FA","LEI 0<br/>@BOU 2 F","0","-","-","0","0","0","0","0","0","0","0","0","0"
"*0641g*","Cesare Casadei","CHE","M","609","FA","CHE 1<br/>@NOT 0 F","0","-","-","0","0","0","0","0","0","0","0","0","0"
"*06q2g*","Dante Cassanova","TOT","D","610","FA","BHA 4<br/>@TOT 1 F","0","-","-","0","0","0","0","0","0","0","0","0","0"
"*05uhq*","Shea Charles","SOU","M","612","FA","ARS 2<br/>@SOU 1 F","0","-","-","0","0","0","0","0","0","0","0","0","0"
"*06ib6*","Tawanda Chirewa","WOL","M","613","FA","BRF 1<br/>@WOL 1 F","0","-","-","0","0","0","0","0","0","0","0","0","0"
"*06kwf*","Leon Chiwome","WOL","F","614","FA","BRF 1<br/>@WOL 1 F","0","-","-","0","0","0","0","0","0","0","0","0","0"
"*05re5*","Carney Chukwuemeka","CHE","M","615","FA","CHE 1<br/>@NOT 0 F","0","-","-","0","0","0","0","0","0","0","0","0","0"
"*06thf*","Brayden Clarke","ARS","D","616","FA","ARS 2<br/>@SOU 1 F","0","-","-","0","0","0","0","0","0","0","0","0","0"
"*062om*","Brandon Cover","LEI","M","617","FA","LEI 0<br/>@BOU 2 F","0","-","-","0","0","0","0","0","0","0","0","0","0"
"*064oo*","Amario Cozier-Duberry","BHA","M","619","FA","BHA 4<br/>@TOT 1 F","0","-","-","0","0","0","0","0","0","0","0","0","0"
"*052k1*","Luke Cundle","WOL","M","621","FA","BRF 1<br/>@WOL 1 F","0","-","-","0","0","0","0","0","0","0","0","0","0"
"*0689t*","Michael Dacosta Gonzalez","BOU","F","623","FA","LEI 0<br/>@BOU 2 F","0","-","-","0","0","0","0","0","0","0","0","0","0"
"*06clv*","Mahmoud Dahoud","BHA","M","624","FA","BHA 4<br/>@TOT 1 F","0","-","-","0","0","0","0","0","0","0","0","0","0"
"*048xg*","Josh Dasilva","BRF","M","625","FA","BRF 1<br/>@WOL 1 F","0","-","-","0","0","0","0","0","0","0","0","0","0"
"*06ewn*","Luc De Fougerolles","FUL","D","627","FA","MCI 2<br/>@FUL 0 F","0","-","-","0","0","0","0","0","0","0","0","0","0"
"*06fum*","Deivid Washington","CHE","F","842","FA","CHE 1<br/>@NOT 0 F","0","-","-","0","0","0","0","0","0","0","0","0","0"
"*04u6i*","Leander Dendoncker","AVL","M","628","FA","AVL 0<br/>@MUN 2 F","0","-","-","0","0","0","0","0","0","0","0","0","0"
"*05tz8*","Emmanuel Dennis","NOT","F","629","FA","CHE 1<br/>@NOT 0 F","0","-","-","0","0","0","0","0","0","0","0","0","0"
"*05nio*","Alfie Devine","TOT","M","631","FA","BHA 4<br/>@TOT 1 F","0","-","-","0","0","0","0","0","0","0","0","0","0"
"*066nn*","Ben Doak","LIV","F","632","FA","CRY 1<br/>@LIV 1 F","0","-","-","0","0","0","0","0","0","0","0","0","0"
"*05uog*","Lewis Dobbin","AVL","F","633","FA","AVL 0<br/>@MUN 2 F","0","-","-","0","0","0","0","0","0","0","0","0","0"
"*03ala*","Janoi Donacien","IPS","D","634","FA","WHU 3<br/>@IPS 1 F","0","-","-","0","0","0","0","0","0","0","0","0","0"
"*06l4j*","Kiano Dyer","CHE","M","635","FA","CHE 1<br/>@NOT 0 F","0","-","-","0","0","0","0","0","0","0","0","0","0"
"*06rof*","Coby Ebere","EVE","F","636","FA","EVE 1<br/>@NEW 0 F","0","-","-","0","0","0","0","0","0","0","0","0","0"
"*062ck*","Malcolm Ebiowei","CRY","F","637","FA","CRY 1<br/>@LIV 1 F","0","-","-","0","0","0","0","0","0","0","0","0","0"
"*06qvu*","Tom Edozie","WOL","F","638","FA","BRF 1<br/>@WOL 1 F","0","-","-","0","0","0","0","0","0","0","0","0","0"
"*06shp*","Landon Emenalo","CHE","D,M","639","FA","CHE 1<br/>@NOT 0 F","0","-","-","0","0","0","0","0","0","0","0","0","0"
"*06onw*","Johnny Emerson","NEW","F","640","FA","EVE 1<br/>@NEW 0 F","0","-","-","0","0","0","0","0","0","0","0","0","0"
"*061z3*","Fabio Vieira","ARS","M","819","FA","ARS 2<br/>@SOU 1 F","0","-","-","0","0","0","0","0","0","0","0","0","0"
"*06qli*","Jayce Fitzgerald","MUN","M","642","FA","AVL 0<br/>@MUN 2 F","0","-","-","0","0","0","0","0","0","0","0","0","0"
"*06mul*","Jack Fletcher","MUN","M,F","643","FA","AVL 0<br/>@MUN 2 F","0","-","-","0","0","0","0","0","0","0","0","0","0"
"*067z4*","David Datro Fofana","CHE","F","645","FA","CHE 1<br/>@NOT 0 F","0","-","-","0","0","0","0","0","0","0","0","0","0"
"*05ubw*","Jack Francis","ARS","M","646","FA","ARS 2<br/>@SOU 1 F","0","-","-","0","0","0","0","0","0","0","0","0","0"
"*066j7*","Nathan Fraser","WOL","F","647","FA","BRF 1<br/>@WOL 1 F","0","-","-","0","0","0","0","0","0","0","0","0","0"
"*046c7*","Freddie Ladapo","IPS","F","699","FA","WHU 3<br/>@IPS 1 F","0","-","-","0","0","0","0","0","0","0","0","0","0"
"*06igq*","Benjamin Fredrick","BRF","D","648","FA","BRF 1<br/>@WOL 1 F","0","-","-","0","0","0","0","0","0","0","0","0","0"
"*051k8*","Conor Gallagher","CHE","M","649","FA","CHE 1<br/>@NOT 0 F","0","-","-","0","0","0","0","0","0","0","0","0","0"
"*06fwo*","Enso Gonzalez","WOL","F","652","FA","BRF 1<br/>@WOL 1 F","0","-","-","0","0","0","0","0","0","0","0","0","0"
"*05uhl*","Kaide Gordon","LIV","F","653","FA","CRY 1<br/>@LIV 1 F","0","-","-","0","0","0","0","0","0","0","0","0","0"
"*066rn*","Daniel Gore","MUN","M","654","FA","AVL 0<br/>@MUN 2 F","0","-","-","0","0","0","0","0","0","0","0","0","0"
"*06nk5*","Jimi Gower","ARS","M","655","FA","ARS 2<br/>@SOU 1 F","0","-","-","0","0","0","0","0","0","0","0","0","0"
"*06qvv*","Malachi Hardy","TOT","D","657","FA","BHA 4<br/>@TOT 1 F","0","-","-","0","0","0","0","0","0","0","0","0","0"
"*06r3o*","Archie Harris","BOU","D","658","FA","LEI 0<br/>@BOU 2 F","0","-","-","0","0","0","0","0","0","0","0","0","0"
"*04qr4*","Kortney Hause","AVL","D","660","FA","AVL 0<br/>@MUN 2 F","0","-","-","0","0","0","0","0","0","0","0","0","0"
"*035mq*","Isaac Hayden","NEW","M","661","FA","EVE 1<br/>@NEW 0 F","0","-","-","0","0","0","0","0","0","0","0","0","0"
"*06nyv*","Chanse Headman","BRF","D","662","FA","BRF 1<br/>@WOL 1 F","0","-","-","0","0","0","0","0","0","0","0","0","0"
"*06rnm*","Isaac Heath","EVE","F","663","FA","EVE 1<br/>@NEW 0 F","0","-","-","0","0","0","0","0","0","0","0","0","0"
"*062og*","Aaron Hickey","BRF","D","668","FA","BRF 1<br/>@WOL 1 F","0","-","-","0","0","0","0","0","0","0","0","0","0"
"*05am1*","Thomas Hill","LIV","M","669","FA","CRY 1<br/>@LIV 1 F","0","-","-","0","0","0","0","0","0","0","0","0","0"
"*044nm*","Rob Holding","CRY","D","670","FA","CRY 1<br/>@LIV 1 F","0","-","-","0","0","0","0","0","0","0","0","0","0"
"*05ue2*","Joe Hugill","MUN","F","672","FA","AVL 0<br/>@MUN 2 F","0","-","-","0","0","0","0","0","0","0","0","0","0"
"*066sh*","Bashir Humphreys","CHE","D","673","FA","CHE 1<br/>@NOT 0 F","0","-","-","0","0","0","0","0","0","0","0","0","0"
"*06mg4*","Cameron Humphreys","IPS","M","674","FA","WHU 3<br/>@IPS 1 F","0","-","-","0","0","0","0","0","0","0","0","0","0"
"*06cm9*","Hwang Ui-Jo","NOT","F","675","FA","CHE 1<br/>@NOT 0 F","0","-","-","0","0","0","0","0","0","0","0","0","0"
"*06mnb*","Samuel Iling-Junior","AVL","F","676","FA","AVL 0<br/>@MUN 2 F","0","-","-","0","0","0","0","0","0","0","0","0","0"
"*06prv*","Jamaldeen Jimoh","AVL","M","678","FA","AVL 0<br/>@MUN 2 F","0","-","-","0","0","0","0","0","0","0","0","0","0"
"*0570n*","Joao Cancelo","MCI","D","611","FA","MCI 2<br/>@FUL 0 F","0","-","-","0","0","0","0","0","0","0","0","0","0"
"*064a2*","Juan Larios","SOU","D","700","FA","ARS 2<br/>@SOU 1 F","0","-","-","0","0","0","0","0","0","0","0","0","0"
"*06pms*","Ismeal Kabia","ARS","F","679","FA","ARS 2<br/>@SOU 1 F","0","-","-","0","0","0","0","0","0","0","0","0","0"
"*062cl*","Issa Kabore","MCI","D,M","680","FA","MCI 2<br/>@FUL 0 F","0","-","-","0","0","0","0","0","0","0","0","0","0"
"*06pmr*","Maldini Kacurri","ARS","D","681","FA","ARS 2<br/>@SOU 1 F","0","-","-","0","0","0","0","0","0","0","0","0","0"
"*06492*","Sasa Kalajdzic","WOL","F","682","FA","BRF 1<br/>@WOL 1 F","0","-","-","0","0","0","0","0","0","0","0","0","0"
"*06s7v*","Jaydan Kamason","MUN","D","683","FA","AVL 0<br/>@MUN 2 F","0","-","-","0","0","0","0","0","0","0","0","0","0"
"*06pez*","Mohamadou Kante","WHU","M","684","FA","WHU 3<br/>@IPS 1 F","0","-","-","0","0","0","0","0","0","0","0","0","0"
"*06pwo*","Thierry Katsukunya","AVL","D","685","FA","AVL 0<br/>@MUN 2 F","0","-","-","0","0","0","0","0","0","0","0","0","0"
"*06nyz*","Patrick Kelly","WHU","M","686","FA","WHU 3<br/>@IPS 1 F","0","-","-","0","0","0","0","0","0","0","0","0","0"
"*06dpv*","Omari Kellyman","CHE","M,F","687","FA","CHE 1<br/>@NOT 0 F","0","-","-","0","0","0","0","0","0","0","0","0","0"
"*057a1*","Gavin Kilkenny","BOU","M","688","FA","LEI 0<br/>@BOU 2 F","0","-","-","0","0","0","0","0","0","0","0","0","0"
"*06qwg*","Maeson King","TOT","D","689","FA","BHA 4<br/>@TOT 1 F","0","-","-","0","0","0","0","0","0","0","0","0","0"
"*068z2*","Max Kinsey-Wellings","BOU","D","690","FA","LEI 0<br/>@BOU 2 F","0","-","-","0","0","0","0","0","0","0","0","0","0"
"*06rkx*","Joe Knight","BHA","M","691","FA","BHA 4<br/>@TOT 1 F","0","-","-","0","0","0","0","0","0","0","0","0","0"
"*06nz0*","Gideon Kodua","WHU","F","692","FA","WHU 3<br/>@IPS 1 F","0","-","-","0","0","0","0","0","0","0","0","0","0"
"*06roh*","Sekou Kone","MUN","M","694","FA","AVL 0<br/>@MUN 2 F","0","-","-","0","0","0","0","0","0","0","0","0","0"
"*06rkr*","Trent Kone-Doherty","LIV","F","693","FA","CRY 1<br/>@LIV 1 F","0","-","-","0","0","0","0","0","0","0","0","0","0"
"*06qx6*","Godwill Kukonki","MUN","D","696","FA","AVL 0<br/>@MUN 2 F","0","-","-","0","0","0","0","0","0","0","0","0","0"
"*067yw*","Garang Kuol","NEW","F","697","FA","EVE 1<br/>@NEW 0 F","0","-","-","0","0","0","0","0","0","0","0","0","0"
"*06mgn*","Rio Kyerematen","TOT","M","698","FA","BHA 4<br/>@TOT 1 F","0","-","-","0","0","0","0","0","0","0","0","0","0"
"*03pig*","Jamaal Lascelles","NEW","D","701","FA","EVE 1<br/>@NEW 0 F","0","-","-","0","0","0","0","0","0","0","0","0","0"
"*066no*","Nico Lawrence","SOU","D","702","FA","ARS 2<br/>@SOU 1 F","0","-","-","0","0","0","0","0","0","0","0","0","0"
"*051kd*","Jamal Lewis","NEW","D","704","FA","EVE 1<br/>@NEW 0 F","0","-","-","0","0","0","0","0","0","0","0","0","0"
"*0574a*","Giovani Lo Celso","TOT","M","706","FA","BHA 4<br/>@TOT 1 F","0","-","-","0","0","0","0","0","0","0","0","0","0"
"*02m7x*","Romelu Lukaku","CHE","F","707","FA","CHE 1<br/>@NOT 0 F","0","-","-","0","0","0","0","0","0","0","0","0","0"
"*05yf0*","Isaac Mabaya","LIV","D,M","708","FA","CRY 1<br/>@LIV 1 F","0","-","-","0","0","0","0","0","0","0","0","0","0"
"*06tf6*","Bendito Mantato","MUN","M","709","FA","AVL 0<br/>@MUN 2 F","0","-","-","0","0","0","0","0","0","0","0","0","0"
"*0632a*","Sekou Mara","SOU","F","710","FA","ARS 2<br/>@SOU 1 F","0","-","-","0","0","0","0","0","0","0","0","0","0"
"*05xts*","Wanya Marcal-Madivadua","LEI","M","711","FA","LEI 0<br/>@BOU 2 F","0","-","-","0","0","0","0","0","0","0","0","0","0"
"*061xr*","Marquinhos","ARS","F","760","FA","ARS 2<br/>@SOU 1 F","0","-","-","0","0","0","0","0","0","0","0","0","0"
"*06do1*","Zach Marsh","CRY","F","712","FA","CRY 1<br/>@LIV 1 F","0","-","-","0","0","0","0","0","0","0","0","0","0"
"*056mf*","Neal Maupay","EVE","F","714","FA","EVE 1<br/>@NEW 0 F","0","-","-","0","0","0","0","0","0","0","0","0","0"
"*06qwj*","Ezra Mayers","WHU","D","715","FA","WHU 3<br/>@IPS 1 F","0","-","-","0","0","0","0","0","0","0","0","0","0"
"*03pih*","Kevin Mbabu","FUL","D","716","FA","MCI 2<br/>@FUL 0 F","0","-","-","0","0","0","0","0","0","0","0","0","0"
"*06do3*","James McConnell","LIV","M","717","FA","CRY 1<br/>@LIV 1 F","0","-","-","0","0","0","0","0","0","0","0","0","0"
"*06qvo*","Ruairi McConville","BHA","D","718","FA","BHA 4<br/>@TOT 1 F","0","-","-","0","0","0","0","0","0","0","0","0","0"
"*05t6y*","Hannibal Mejbri","MUN","M","722","FA","AVL 0<br/>@MUN 2 F","0","-","-","0","0","0","0","0","0","0","0","0","0"
"*04ylt*","Chris Mepham","BOU","D","723","FA","LEI 0<br/>@BOU 2 F","0","-","-","0","0","0","0","0","0","0","0","0","0"
"*06idw*","Jenson Metcalfe","EVE","M","725","FA","EVE 1<br/>@NEW 0 F","0","-","-","0","0","0","0","0","0","0","0","0","0"
"*06phx*","Bastien Meupiyou","WOL","D","726","FA","BRF 1<br/>@WOL 1 F","0","-","-","0","0","0","0","0","0","0","0","0","0"
"*066sb*","Zane Monlouis","ARS","D","727","FA","ARS 2<br/>@SOU 1 F","0","-","-","0","0","0","0","0","0","0","0","0","0"
"*06po5*","Bradley Moonan","EVE","D","728","FA","EVE 1<br/>@NEW 0 F","0","-","-","0","0","0","0","0","0","0","0","0","0"
"*06pho*","Jayden Moore","SOU","D","729","FA","ARS 2<br/>@SOU 1 F","0","-","-","0","0","0","0","0","0","0","0","0","0"
"*06prx*","Kobei Moore","AVL","F","730","FA","AVL 0<br/>@MUN 2 F","0","-","-","0","0","0","0","0","0","0","0","0","0"
"*06roi*","Jack Moorhouse","MUN","M","731","FA","AVL 0<br/>@MUN 2 F","0","-","-","0","0","0","0","0","0","0","0","0","0"
"*06mwz*","Iwan Morgan","BRF","F","733","FA","BRF 1<br/>@WOL 1 F","0","-","-","0","0","0","0","0","0","0","0","0","0"
"*06rkq*","Kieran Morrison","LIV","M","734","FA","CRY 1<br/>@LIV 1 F","0","-","-","0","0","0","0","0","0","0","0","0","0"
"*05uhk*","Tyler Morton","LIV","M","735","FA","CRY 1<br/>@LIV 1 F","0","-","-","0","0","0","0","0","0","0","0","0","0"
"*06on6*","Anthony Munda","NEW","M","737","FA","EVE 1<br/>@NEW 0 F","0","-","-","0","0","0","0","0","0","0","0","0","0"
"*06ewy*","Alex Murphy","NEW","D","739","FA","EVE 1<br/>@NEW 0 F","0","-","-","0","0","0","0","0","0","0","0","0","0"
"*06kuc*","Harrison Murray-Campbell","CHE","D","740","FA","CHE 1<br/>@NOT 0 F","0","-","-","0","0","0","0","0","0","0","0","0","0"
"*06rrr*","Hindolo Mustapha","CRY","M","741","FA","CRY 1<br/>@LIV 1 F","0","-","-","0","0","0","0","0","0","0","0","0","0"
"*06kud*","Amara Nallo","LIV","D,M","742","FA","CRY 1<br/>@LIV 1 F","0","-","-","0","0","0","0","0","0","0","0","0","0"
"*06nby*","Joel Ndala","MCI/NOT","F","743","FA","CHE 1<br/>@NOT 0 F","0","-","-","0","0","0","0","0","0","0","0","0","0"
"*06rnn*","Sean Neave","NEW","F","744","FA","EVE 1<br/>@NEW 0 F","0","-","-","0","0","0","0","0","0","0","0","0","0"
"*05qz9*","Ben Nelson","LEI","D","745","FA","LEI 0<br/>@BOU 2 F","0","-","-","0","0","0","0","0","0","0","0","0","0"
"*06r2g*","Rio Ngumoha","LIV","F","747","FA","CRY 1<br/>@LIV 1 F","0","-","-","0","0","0","0","0","0","0","0","0","0"
"*06nk3*","Josh Nichols","ARS","D","748","FA","ARS 2<br/>@SOU 1 F","0","-","-","0","0","0","0","0","0","0","0","0","0"
"*05alx*","James Norris","LIV","D","749","FA","CRY 1<br/>@LIV 1 F","0","-","-","0","0","0","0","0","0","0","0","0","0"
"*06rlg*","Aniek Nouwen","CRY","D","750","FA","CRY 1<br/>@LIV 1 F","0","-","-","0","0","0","0","0","0","0","0","0","0"
"*06hze*","Treymaurice Nyoni","LIV","M","751","FA","CRY 1<br/>@LIV 1 F","0","-","-","0","0","0","0","0","0","0","0","0","0"
"*04mlb*","Lewis O'Brien","NOT","M","752","FA","CHE 1<br/>@NOT 0 F","0","-","-","0","0","0","0","0","0","0","0","0","0"
"*06phq*","Joseph O'Brien-Whitmarsh","SOU","M","753","FA","ARS 2<br/>@SOU 1 F","0","-","-","0","0","0","0","0","0","0","0","0","0"
"*05vyg*","Odeluga Offiah","BHA","D","755","FA","BHA 4<br/>@TOT 1 F","0","-","-","0","0","0","0","0","0","0","0","0","0"
"*06kue*","Habeeb Ogunneye","MUN","D","756","FA","AVL 0<br/>@MUN 2 F","0","-","-","0","0","0","0","0","0","0","0","0","0"
"*06kum*","Wesley Okoduwa","WOL","D","757","FA","BRF 1<br/>@WOL 1 F","0","-","-","0","0","0","0","0","0","0","0","0","0"
"*06avl*","Michael Olakigbe","BRF","M,F","758","FA","BRF 1<br/>@WOL 1 F","0","-","-","0","0","0","0","0","0","0","0","0","0"
"*06qzh*","Richard Olise","CHE","D","759","FA","CHE 1<br/>@NOT 0 F","0","-","-","0","0","0","0","0","0","0","0","0","0"
"*06qq8*","Callum Olusesi","TOT","M","761","FA","BHA 4<br/>@TOT 1 F","0","-","-","0","0","0","0","0","0","0","0","0","0"
"*06hzf*","Mark O'Mahony","BHA","F","754","FA","BHA 4<br/>@TOT 1 F","0","-","-","0","0","0","0","0","0","0","0","0","0"
"*05trt*","Andrew Omobamidele","NOT","D","762","FA","CHE 1<br/>@NOT 0 F","0","-","-","0","0","0","0","0","0","0","0","0","0"
"*05r93*","Tyler Onyango","EVE","M","763","FA","EVE 1<br/>@NEW 0 F","0","-","-","0","0","0","0","0","0","0","0","0","0"
"*0680n*","Detlef Esapa Osong","NOT","F","764","FA","CHE 1<br/>@NOT 0 F","0","-","-","0","0","0","0","0","0","0","0","0","0"
"*05xtp*","Salah-Eddine Oulad M'hand","ARS","M","765","FA","ARS 2<br/>@SOU 1 F","0","-","-","0","0","0","0","0","0","0","0","0","0"
"*06awp*","Travis Patterson","AVL","D,M","766","FA","AVL 0<br/>@MUN 2 F","0","-","-","0","0","0","0","0","0","0","0","0","0"
"*05nuf*","Myles Peart-Harris","BRF","M","767","FA","BRF 1<br/>@WOL 1 F","0","-","-","0","0","0","0","0","0","0","0","0","0"
"*05ou8*","Facundo Pellistri","MUN","M","768","FA","AVL 0<br/>@MUN 2 F","0","-","-","0","0","0","0","0","0","0","0","0","0"
"*068sf*","Maximo Perrone","MCI","M","769","FA","MCI 2<br/>@FUL 0 F","0","-","-","0","0","0","0","0","0","0","0","0","0"
"*06phm*","Ben Perry","NOT","M","770","FA","CHE 1<br/>@NOT 0 F","0","-","-","0","0","0","0","0","0","0","0","0","0"
"*06451*","Cameron Peupion","BHA","M","772","FA","BHA 4<br/>@TOT 1 F","0","-","-","0","0","0","0","0","0","0","0","0","0"
"*06exk*","Ashley Phillips","TOT","D","773","FA","BHA 4<br/>@TOT 1 F","0","-","-","0","0","0","0","0","0","0","0","0","0"
"*04rxe*","Nathaniel Phillips","LIV","D","774","FA","CRY 1<br/>@LIV 1 F","0","-","-","0","0","0","0","0","0","0","0","0","0"
"*05ylz*","Luke Plange","CRY","F","775","FA","CRY 1<br/>@LIV 1 F","0","-","-","0","0","0","0","0","0","0","0","0","0"
"*06phc*","Chris Popov","LEI","M","776","FA","LEI 0<br/>@BOU 2 F","0","-","-","0","0","0","0","0","0","0","0","0","0"
"*05rjn*","Jesurun Rak-Sakyi","CRY","M","779","FA","CRY 1<br/>@LIV 1 F","0","-","-","0","0","0","0","0","0","0","0","0","0"
"*06qgm*","Samuel Rak-Sakyi","CHE","M","780","FA","CHE 1<br/>@NOT 0 F","0","-","-","0","0","0","0","0","0","0","0","0","0"
"*061z5*","Calvin Ramsay","LIV","D","781","FA","CRY 1<br/>@LIV 1 F","0","-","-","0","0","0","0","0","0","0","0","0","0"
"*06nve*","Luke Rawlings","WOL","M","782","FA","BRF 1<br/>@WOL 1 F","0","-","-","0","0","0","0","0","0","0","0","0","0"
"*062op*","Omar Richards","NOT","D","783","FA","CHE 1<br/>@NOT 0 F","0","-","-","0","0","0","0","0","0","0","0","0","0"
"*06pz2*","Josh Robinson","ARS","D","784","FA","ARS 2<br/>@SOU 1 F","0","-","-","0","0","0","0","0","0","0","0","0","0"
"*06nyy*","Junior Robinson","WHU","D","785","FA","WHU 3<br/>@IPS 1 F","0","-","-","0","0","0","0","0","0","0","0","0","0"
"*062oi*","Kaden Rodney","CRY","M","786","FA","CRY 1<br/>@LIV 1 F","0","-","-","0","0","0","0","0","0","0","0","0","0"
"*06nk4*","Michal Rosiak","ARS","D","788","FA","ARS 2<br/>@SOU 1 F","0","-","-","0","0","0","0","0","0","0","0","0","0"
"*06prt*","Triston Rowe","AVL","D","789","FA","AVL 0<br/>@MUN 2 F","0","-","-","0","0","0","0","0","0","0","0","0","0"
"*0643v*","Dominic Sadi","BOU","M,F","792","FA","LEI 0<br/>@BOU 2 F","0","-","-","0","0","0","0","0","0","0","0","0","0"
"*066se*","Charles Sagoe Junior","ARS","F","793","FA","ARS 2<br/>@SOU 1 F","0","-","-","0","0","0","0","0","0","0","0","0","0"
"*06bq0*","Imari Samuels","BHA","D","794","FA","BHA 4<br/>@TOT 1 F","0","-","-","0","0","0","0","0","0","0","0","0","0"
"*066nh*","Ishe Samuels-Smith","CHE","D","795","FA","CHE 1<br/>@NOT 0 F","0","-","-","0","0","0","0","0","0","0","0","0","0"
"*06nv6*","Trevan Sanusi","NEW","F","796","FA","EVE 1<br/>@NEW 0 F","0","-","-","0","0","0","0","0","0","0","0","0","0"
"*06muk*","James Scanlon","MUN","M","797","FA","AVL 0<br/>@MUN 2 F","0","-","-","0","0","0","0","0","0","0","0","0","0"
"*06on5*","Leo Shahar","NEW","D","799","FA","EVE 1<br/>@NEW 0 F","0","-","-","0","0","0","0","0","0","0","0","0","0"
"*06po8*","Martin Sherif","EVE","F","800","FA","EVE 1<br/>@NEW 0 F","0","-","-","0","0","0","0","0","0","0","0","0","0"
"*062cj*","Abdallah Sima","BHA","F","801","FA","BHA 4<br/>@TOT 1 F","0","-","-","0","0","0","0","0","0","0","0","0","0"
"*06s7r*","Freddie Simmonds","BHA","D","802","FA","BHA 4<br/>@TOT 1 F","0","-","-","0","0","0","0","0","0","0","0","0","0"
"*06qwf*","Jacob Slater","BHA","D","803","FA","BHA 4<br/>@TOT 1 F","0","-","-","0","0","0","0","0","0","0","0","0","0"
"*06329*","Manor Solomon","TOT","F","806","FA","BHA 4<br/>@TOT 1 F","0","-","-","0","0","0","0","0","0","0","0","0","0"
"*04k4n*","Harry Souttar","LEI","D","807","FA","LEI 0<br/>@BOU 2 F","0","-","-","0","0","0","0","0","0","0","0","0","0"
"*05r3z*","Sil Swinkels","AVL","D","808","FA","AVL 0<br/>@MUN 2 F","0","-","-","0","0","0","0","0","0","0","0","0","0"
"*06rte*","Rento Takaoka","SOU","F","809","FA","ARS 2<br/>@SOU 1 F","0","-","-","0","0","0","0","0","0","0","0","0","0"
"*06rwp*","Charlie Tasker","BHA","D","810","FA","BHA 4<br/>@TOT 1 F","0","-","-","0","0","0","0","0","0","0","0","0","0"
"*06rq9*","Tom Taylor","IPS","M","811","FA","WHU 3<br/>@IPS 1 F","0","-","-","0","0","0","0","0","0","0","0","0","0"
"*03v6w*","Ivan Toney","BRF","F","812","FA","BRF 1<br/>@WOL 1 F","0","-","-","0","0","0","0","0","0","0","0","0","0"
"*068yr*","Hamed Traore","BOU","M","813","FA","LEI 0<br/>@BOU 2 F","0","-","-","0","0","0","0","0","0","0","0","0","0"
"*05x9j*","Ed Turns","BHA","D","815","FA","BHA 4<br/>@TOT 1 F","0","-","-","0","0","0","0","0","0","0","0","0","0"
"*06kk4*","Franco Umeh-Chibueze","CRY","F","817","FA","CRY 1<br/>@LIV 1 F","0","-","-","0","0","0","0","0","0","0","0","0","0"
"*05nue*","Harvey Vale","CHE","M","818","FA","CHE 1<br/>@NOT 0 F","0","-","-","0","0","0","0","0","0","0","0","0","0"
"*06rrq*","Reggie Walsh","CHE","M","821","FA","CHE 1<br/>@NOT 0 F","0","-","-","0","0","0","0","0","0","0","0","0","0"
"*05r4z*","Jensen Weir","BHA","M","822","FA","BHA 4<br/>@TOT 1 F","0","-","-","0","0","0","0","0","0","0","0","0","0"
"*05rka*","Reece Welch","EVE","D","823","FA","EVE 1<br/>@NEW 0 F","0","-","-","0","0","0","0","0","0","0","0","0","0"
"*06l4c*","Ethan Wheatley","MUN","F","824","FA","AVL 0<br/>@MUN 2 F","0","-","-","0","0","0","0","0","0","0","0","0","0"
"*05wqy*","Joe White","NEW","M","825","FA","EVE 1<br/>@NEW 0 F","0","-","-","0","0","0","0","0","0","0","0","0","0"
"*05oji*","Rhys Williams","LIV","D","827","FA","CRY 1<br/>@LIV 1 F","0","-","-","0","0","0","0","0","0","0","0","0","0"
"*06qq9*","Luca Williams-Barnett","TOT","F","828","FA","BHA 4<br/>@TOT 1 F","0","-","-","0","0","0","0","0","0","0","0","0","0"
"*06qzi*","Kaiden Wilson","CHE","D","829","FA","CHE 1<br/>@NOT 0 F","0","-","-","0","0","0","0","0","0","0","0","0","0"
"*062ol*","Thomas Wilson-Brown","LEI","D","830","FA","LEI 0<br/>@BOU 2 F","0","-","-","0","0","0","0","0","0","0","0","0","0"
"*05wwd*","Joshua Wilson-Esbrand","MCI","D","831","FA","MCI 2<br/>@FUL 0 F","0","-","-","0","0","0","0","0","0","0","0","0","0"
"*061xw*","Joe Worrall","NOT","D","832","FA","CHE 1<br/>@NOT 0 F","0","-","-","0","0","0","0","0","0","0","0","0","0"
"*06igx*","Jacob Wright","MCI","M","833","FA","MCI 2<br/>@FUL 0 F","0","-","-","0","0","0","0","0","0","0","0","0","0"
"*06msb*","Malick Yalcouye","BHA","M","834","FA","BHA 4<br/>@TOT 1 F","0","-","-","0","0","0","0","0","0","0","0","0","0"
"*06r5d*","Min-Hyeok Yang","TOT","F","835","FA","BHA 4<br/>@TOT 1 F","0","-","-","0","0","0","0","0","0","0","0","0","0"
"*06mwv*","Tony Yogane","BRF","M","836","FA","BRF 1<br/>@WOL 1 F","0","-","-","0","0","0","0","0","0","0","0","0","0"
"*066tb*","Kadan Young","AVL","F","837","FA","AVL 0<br/>@MUN 2 F","0","-","-","0","0","0","0","0","0","0","0","0","0"
"*06qlg*","Ranel Young","LIV","F","838","FA","CRY 1<br/>@LIV 1 F","0","-","-","0","0","0","0","0","0","0","0","0","0"
"*03arh*","Kurt Zouma","WHU","D","839","FA","WHU 3<br/>@IPS 1 F","0","-","-","0","0","0","0","0","0","0","0","0","0"
