"Player","Team","Position","Type","Team","Bid","Pr","Date (CEST)","Gameweek"
"Rhys Williams","LIV","D","Claim","Nimma Koempels","4.00","11","Thu May 20, 2021, 12:00PM","38"
"Dani Ceballos","ARS","M","Drop","Nimma Koempels","","11","Thu May 20, 2021, 12:00PM","38"
"Craig Dawson","WAT/WHU","D","Claim","Nimma Koempels","3.00","8","Thu May 20, 2021, 12:00PM","38"
"James Rodriguez","EVE","M,F","Drop","Nimma Koempels","","8","Thu May 20, 2021, 12:00PM","38"
"Dan Burn","BHA","D,M","Claim","BarcelOna '53","0.00","3","Thu May 20, 2021, 12:00PM","38"
"N'Golo Kante","CHE","M","Drop","BarcelOna '53","","3","Thu May 20, 2021, 12:00PM","38"
"Gylfi Sigurdsson","EVE","M,F","Claim","Nimma Koempels","4.00","4","Thu May 20, 2021, 12:00PM","38"
"Fred","MUN","M","Drop","Nimma Koempels","","4","Thu May 20, 2021, 12:00PM","38"
"Kiko Casilla","LEE","G","Claim","Sjeeterboys","0.00","2","Thu May 20, 2021, 12:00PM","38"
"Martin Dubravka","NEW","G","Drop","Sjeeterboys","","2","Thu May 20, 2021, 12:00PM","38"
"Sergio Aguero","MCI","F","Claim","Poor Man's Pirlo","1.00","2","Thu May 20, 2021, 12:00PM","38"
"Gabriel Martinelli","ARS","M,F","Drop","Poor Man's Pirlo","","2","Thu May 20, 2021, 12:00PM","38"
"Ben White","BHA","D,M","Claim","BarcelOna '53","0.00","2","Thu May 20, 2021, 12:00PM","38"
"Robin Koch","LEE","D,M","Drop","BarcelOna '53","","2","Thu May 20, 2021, 12:00PM","38"
"Kasper Schmeichel","LEI","G","Claim","Nimma Koempels","0.00","2","Thu May 20, 2021, 12:00PM","38"
"Illan Meslier","LEE","G","Drop","Nimma Koempels","","2","Thu May 20, 2021, 12:00PM","38"
"Nicolas Pepe","ARS","M,F","Claim","Poor Man's Pirlo","10.00","1","Thu May 20, 2021, 12:00PM","38"
"Callum Wilson","NEW","F","Drop","Poor Man's Pirlo","","1","Thu May 20, 2021, 12:00PM","38"
"Alphonse Areola","FUL","G","Claim","Mövenpickje FC","50.00","1","Thu May 20, 2021, 12:00PM","38"
"Lukasz Fabianski","WHU","G","Drop","Mövenpickje FC","","1","Thu May 20, 2021, 12:00PM","38"
"Rodrigo","LEE","M,F","Claim","NOAD Athletic","2.00","1","Thu May 20, 2021, 12:00PM","38"
"Diogo Jota","WOL/LIV","M,F","Drop","NOAD Athletic","","1","Thu May 20, 2021, 12:00PM","38"
"Ferran Torres","MCI","M,F","Claim","Athletic de Bapao","1.00","1","Thu May 20, 2021, 12:00PM","38"
"Davinson Sanchez","TOT","D","Drop","Athletic de Bapao","","1","Thu May 20, 2021, 12:00PM","38"
"Joachim Andersen","FUL","D","Claim","Sjeeterboys","1.00","1","Thu May 20, 2021, 12:00PM","38"
"Issa Diop","WHU","D","Drop","Sjeeterboys","","1","Thu May 20, 2021, 12:00PM","38"
"Matheus Pereira","WBA","M,F","Claim","NOAD Athletic","3.00","3","Thu May 13, 2021, 12:00PM","36"
"Danny Welbeck","WAT/BHA","F","Drop","NOAD Athletic","","3","Thu May 13, 2021, 12:00PM","36"
"Eric Bailly","MUN","D","Claim","Sjeeterboys","2.00","3","Thu May 13, 2021, 12:00PM","36"
"Ozan Kabak","LIV","D","Drop","Sjeeterboys","","3","Thu May 13, 2021, 12:00PM","36"
"Ashley Westwood","BUR","M","Claim","NOAD Athletic","3.00","2","Thu May 13, 2021, 12:00PM","36"
"Sergio Reguilon","TOT","D,M","Drop","NOAD Athletic","","2","Thu May 13, 2021, 12:00PM","36"
"Bernd Leno","ARS","G","Claim","NOAD Athletic","5.00","1","Thu May 13, 2021, 12:00PM","36"
"Rui Patrício","WOL","G","Drop","NOAD Athletic","","1","Thu May 13, 2021, 12:00PM","36"
"Jannik Vestergaard","SOU","D","Claim","Mövenpickje FC","11.00","1","Thu May 13, 2021, 12:00PM","36"
"Takumi Minamino","LIV/SOU","M,F","Drop","Mövenpickje FC","","1","Thu May 13, 2021, 12:00PM","36"
"Issa Diop","WHU","D","Claim","Sjeeterboys","4.00","1","Thu May 13, 2021, 12:00PM","36"
"Andreas Christensen","CHE","D","Drop","Sjeeterboys","","1","Thu May 13, 2021, 12:00PM","36"
"Jonjo Shelvey","NEW","M","Claim","Sjeeterboys","0.00","4","Thu May 6, 2021, 12:00PM","35"
"Nicolas Pepe","ARS","M,F","Drop","Sjeeterboys","","4","Thu May 6, 2021, 12:00PM","35"
"Alexandre Lacazette","ARS","F","Claim","Nimma Koempels","9.00","3","Thu May 6, 2021, 12:00PM","35"
"Sergio Aguero","MCI","F","Drop","Nimma Koempels","","3","Thu May 6, 2021, 12:00PM","35"
"Ezri Konsa","AVL","D","Claim","Athletic de Bapao","1.00","2","Thu May 6, 2021, 12:00PM","35"
"Jannik Vestergaard","SOU","D","Drop","Athletic de Bapao","","2","Thu May 6, 2021, 12:00PM","35"
"Martin Dubravka","NEW","G","Claim","Sjeeterboys","1.00","2","Thu May 6, 2021, 12:00PM","35"
"Kasper Schmeichel","LEI","G","Drop","Sjeeterboys","","2","Thu May 6, 2021, 12:00PM","35"
"Eberechi Eze","CRY","M","Claim","NOAD Athletic","3.00","2","Thu May 6, 2021, 12:00PM","35"
"Matheus Pereira","WBA","M,F","Drop","NOAD Athletic","","2","Thu May 6, 2021, 12:00PM","35"
"Dani Ceballos","ARS","M","Claim","Nimma Koempels","4.00","2","Thu May 6, 2021, 12:00PM","35"
"Miguel Almiron","NEW","M,F","Drop","Nimma Koempels","","2","Thu May 6, 2021, 12:00PM","35"
"Dwight McNeil","BUR","M","Claim","Redford United","1.00","2","Thu May 6, 2021, 12:00PM","35"
"Emiliano Martinez","ARS/AVL","G","Drop","Redford United","","2","Thu May 6, 2021, 12:00PM","35"
"Ben Godfrey","NOR/EVE","D,M","Claim","NOAD Athletic","6.00","1","Thu May 6, 2021, 12:00PM","35"
"Harrison Reed","FUL","M","Drop","NOAD Athletic","","1","Thu May 6, 2021, 12:00PM","35"
"Illan Meslier","LEE","G","Claim","Nimma Koempels","0.00","1","Thu May 6, 2021, 12:00PM","35"
"Bernd Leno","ARS","G","Drop","Nimma Koempels","","1","Thu May 6, 2021, 12:00PM","35"
"Pascal Struijk","LEE","D,M","Claim","BarcelOna '53","5.00","1","Thu May 6, 2021, 12:00PM","35"
"Ethan Ampadu","SHU","D,M","Drop","BarcelOna '53","","1","Thu May 6, 2021, 12:00PM","35"
"Dele Alli","TOT","M,F","Claim","Poor Man's Pirlo","5.00","1","Thu May 6, 2021, 12:00PM","35"
"Gylfi Sigurdsson","EVE","M,F","Drop","Poor Man's Pirlo","","1","Thu May 6, 2021, 12:00PM","35"
"Michail Antonio","WHU","M,F","Claim","Redford United","18.00","1","Thu May 6, 2021, 12:00PM","35"
"Lucas Moura","TOT","M,F","Drop","Redford United","","1","Thu May 6, 2021, 12:00PM","35"
"Andreas Christensen","CHE","D","Claim","Sjeeterboys","1.00","1","Thu Apr 29, 2021, 12:00PM","34"
"Willy Boly","WOL","D","Drop","Sjeeterboys","","1","Thu Apr 29, 2021, 12:00PM","34"
"Bernd Leno","ARS","G","Claim","Nimma Koempels","0.00","1","Thu Apr 29, 2021, 12:00PM","34"
"Aaron Ramsdale","SHU","G","Drop","Nimma Koempels","","1","Thu Apr 29, 2021, 12:00PM","34"
"Sergio Reguilon","TOT","D,M","Claim","NOAD Athletic","4.00","1","Thu Apr 29, 2021, 12:00PM","34"
"Joe Rodon","SWA/TOT","D","Drop","NOAD Athletic","","1","Thu Apr 29, 2021, 12:00PM","34"
"John McGinn","AVL","M","Claim","Athletic de Bapao","0.00","4","Thu Apr 22, 2021, 12:00PM","33"
"Alexandre Lacazette","ARS","F","Drop","Athletic de Bapao","","4","Thu Apr 22, 2021, 12:00PM","33"
"Scott McTominay","MUN","M","Claim","Redford United","2.00","4","Thu Apr 22, 2021, 12:00PM","33"
"Stuart Armstrong","SOU","M","Drop","Redford United","","4","Thu Apr 22, 2021, 12:00PM","33"
"Robert Sanchez","BHA","G","Claim","Athletic de Bapao","0.00","2","Thu Apr 22, 2021, 12:00PM","33"
"Bernd Leno","ARS","G","Drop","Athletic de Bapao","","2","Thu Apr 22, 2021, 12:00PM","33"
"Willy Boly","WOL","D","Claim","Sjeeterboys","1.00","4","Thu Apr 22, 2021, 12:00PM","33"
"Conor Coady","WOL","D","Drop","Sjeeterboys","","4","Thu Apr 22, 2021, 12:00PM","33"
"Gabriel Martinelli","ARS","M,F","Claim","Poor Man's Pirlo","22.00","2","Thu Apr 22, 2021, 12:00PM","33"
"Sergio Reguilon","TOT","D,M","Drop","Poor Man's Pirlo","","2","Thu Apr 22, 2021, 12:00PM","33"
"Fred","MUN","M","Claim","Nimma Koempels","10.00","3","Thu Apr 22, 2021, 12:00PM","33"
"Yerry Mina","EVE","D","Drop","Nimma Koempels","","3","Thu Apr 22, 2021, 12:00PM","33"
"Emiliano Martinez","ARS/AVL","G","Claim","Redford United","2.00","2","Thu Apr 22, 2021, 12:00PM","33"
"Ryan Bertrand","SOU","D,M","Drop","Redford United","","2","Thu Apr 22, 2021, 12:00PM","33"
"Mason Greenwood","MUN","M,F","Claim","Sjeeterboys","21.00","1","Thu Apr 22, 2021, 12:00PM","33"
"Daniel Podence","WOL","M,F","Drop","Sjeeterboys","","1","Thu Apr 22, 2021, 12:00PM","33"
"Gylfi Sigurdsson","EVE","M,F","Claim","Poor Man's Pirlo","5.00","1","Thu Apr 22, 2021, 12:00PM","33"
"Marcos Alonso","CHE","D,M","Drop","Poor Man's Pirlo","","1","Thu Apr 22, 2021, 12:00PM","33"
"Phil Foden","MCI","M,F","Claim","NOAD Athletic","9.00","1","Thu Apr 22, 2021, 12:00PM","33"
"Che Adams","SOU","F","Drop","NOAD Athletic","","1","Thu Apr 22, 2021, 12:00PM","33"
"Ilkay Gundogan","MCI","M","Claim","BarcelOna '53","10.00","1","Thu Apr 22, 2021, 12:00PM","33"
"Virgil van Dijk","LIV","D","Drop","BarcelOna '53","","1","Thu Apr 22, 2021, 12:00PM","33"
"Miguel Almiron","NEW","M,F","Claim","Nimma Koempels","0.00","1","Thu Apr 22, 2021, 12:00PM","33"
"Calum Chambers","ARS","D","Drop","Nimma Koempels","","1","Thu Apr 22, 2021, 12:00PM","33"
"Diego Llorente","LEE","D","Claim","Nimma Koempels","0.00","9","Thu Apr 15, 2021, 12:00PM","32"
"Dwight McNeil","BUR","M","Drop","Nimma Koempels","","9","Thu Apr 15, 2021, 12:00PM","32"
"Calum Chambers","ARS","D","Claim","Nimma Koempels","0.00","7","Thu Apr 15, 2021, 12:00PM","32"
"Andreas Christensen","CHE","D","Drop","Nimma Koempels","","7","Thu Apr 15, 2021, 12:00PM","32"
"Pablo Fornals","WHU","M,F","Claim","Nimma Koempels","0.00","5","Thu Apr 15, 2021, 12:00PM","32"
"Josh Brownhill","BUR","M,F","Drop","Nimma Koempels","","5","Thu Apr 15, 2021, 12:00PM","32"
"Danny Welbeck","WAT/BHA","F","Claim","NOAD Athletic","2.00","5","Thu Apr 15, 2021, 12:00PM","32"
"Anwar El Ghazi","AVL","M,F","Drop","NOAD Athletic","","5","Thu Apr 15, 2021, 12:00PM","32"
"Aaron Ramsdale","SHU","G","Claim","Nimma Koempels","0.00","3","Thu Apr 15, 2021, 12:00PM","32"
"Nick Pope","BUR","G","Drop","Nimma Koempels","","3","Thu Apr 15, 2021, 12:00PM","32"
"Rob Holding","ARS","D","Claim","Sjeeterboys","0.00","4","Thu Apr 15, 2021, 12:00PM","32"
"Joachim Andersen","FUL","D","Drop","Sjeeterboys","","4","Thu Apr 15, 2021, 12:00PM","32"
"Joe Rodon","SWA/TOT","D","Claim","NOAD Athletic","5.00","2","Thu Apr 15, 2021, 12:00PM","32"
"Ben White","BHA","D,M","Drop","NOAD Athletic","","2","Thu Apr 15, 2021, 12:00PM","32"
"Bernd Leno","ARS","G","Claim","Athletic de Bapao","0.00","3","Thu Apr 15, 2021, 12:00PM","32"
"Martin Dubravka","NEW","G","Drop","Athletic de Bapao","","3","Thu Apr 15, 2021, 12:00PM","32"
"Christian Pulisic","CHE","M,F","Claim","Redford United","5.00","2","Thu Apr 15, 2021, 12:00PM","32"
"Michail Antonio","WHU","M,F","Drop","Redford United","","2","Thu Apr 15, 2021, 12:00PM","32"
"Nicolas Pepe","ARS","M,F","Claim","Sjeeterboys","2.00","1","Thu Apr 15, 2021, 12:00PM","32"
"Ilkay Gundogan","MCI","M","Drop","Sjeeterboys","","1","Thu Apr 15, 2021, 12:00PM","32"
"Rui Patrício","WOL","G","Claim","NOAD Athletic","5.00","1","Thu Apr 15, 2021, 12:00PM","32"
"Emiliano Martinez","ARS/AVL","G","Drop","NOAD Athletic","","1","Thu Apr 15, 2021, 12:00PM","32"
"Jarrod Bowen","WHU","M,F","Claim","Redford United","12.00","1","Thu Apr 15, 2021, 12:00PM","32"
"Pedro Neto","WOL","M,F","Drop","Redford United","","1","Thu Apr 15, 2021, 12:00PM","32"
"Christian Benteke","CRY","F","Claim","BarcelOna '53","1.00","1","Thu Apr 15, 2021, 12:00PM","32"
"Craig Dawson","WAT/WHU","D","Drop","BarcelOna '53","","1","Thu Apr 15, 2021, 12:00PM","32"
"Allan Saint-Maximin","NEW","M,F","Claim","Poor Man's Pirlo","10.00","1","Thu Apr 15, 2021, 12:00PM","32"
"Ademola Lookman","EVE/FUL","M,F","Drop","Poor Man's Pirlo","","1","Thu Apr 15, 2021, 12:00PM","32"
"Rayan Ait-Nouri","WOL","D,M","Claim","Athletic de Bapao","1.00","1","Thu Apr 15, 2021, 12:00PM","32"
"Phil Foden","MCI","M,F","Drop","Athletic de Bapao","","1","Thu Apr 15, 2021, 12:00PM","32"
"Josh Brownhill","BUR","M,F","Claim","Nimma Koempels","0.00","3","Thu Apr 8, 2021, 12:00PM","31"
"Willy Boly","WOL","D","Drop","Nimma Koempels","","3","Thu Apr 8, 2021, 12:00PM","31"
"Conor Coady","WOL","D","Claim","Sjeeterboys","2.00","3","Thu Apr 8, 2021, 12:00PM","31"
"Diego Llorente","LEE","D","Drop","Sjeeterboys","","3","Thu Apr 8, 2021, 12:00PM","31"
"Matthew Lowton","BUR","D","Claim","NOAD Athletic","2.00","2","Thu Apr 8, 2021, 12:00PM","31"
"Dan Burn","BHA","D,M","Drop","NOAD Athletic","","2","Thu Apr 8, 2021, 12:00PM","31"
"Matheus Pereira","WBA","M,F","Claim","NOAD Athletic","3.00","1","Thu Apr 8, 2021, 12:00PM","31"
"Adam Lallana","BHA","M,F","Drop","NOAD Athletic","","1","Thu Apr 8, 2021, 12:00PM","31"
"Dean Henderson","MUN","G","Claim","Poor Man's Pirlo","10.00","1","Thu Apr 8, 2021, 12:00PM","31"
"Pascal Struijk","LEE","D,M","Drop","Poor Man's Pirlo","","1","Thu Apr 8, 2021, 12:00PM","31"
"Okay Yokuslu","WBA","M","Claim","Sjeeterboys","1.00","1","Thu Apr 8, 2021, 12:00PM","31"
"Pablo Mari","ARS","D","Drop","Sjeeterboys","","1","Thu Apr 8, 2021, 12:00PM","31"
"Martin Dubravka","NEW","G","Claim","Athletic de Bapao","5.00","1","Thu Apr 8, 2021, 12:00PM","31"
"Illan Meslier","LEE","G","Drop","Athletic de Bapao","","1","Thu Apr 8, 2021, 12:00PM","31"
"Nick Pope","BUR","G","Claim","Nimma Koempels","0.00","1","Thu Apr 1, 2021, 12:00PM","30"
"Dean Henderson","MUN","G","Drop","Nimma Koempels","","1","Thu Apr 1, 2021, 12:00PM","30"
"Ethan Ampadu","SHU","D,M","Claim","BarcelOna '53","3.00","1","Thu Apr 1, 2021, 12:00PM","30"
"Ciaran Clark","NEW","D","Drop","BarcelOna '53","","1","Thu Apr 1, 2021, 12:00PM","30"
"Dean Henderson","MUN","G","Claim","Nimma Koempels","2.00","18","Thu Mar 25, 2021, 11:00AM","30"
"Martin Dubravka","NEW","G","Drop","Nimma Koempels","","18","Thu Mar 25, 2021, 11:00AM","30"
"Nathaniel Phillips","LIV","D","Claim","Nimma Koempels","0.00","13","Thu Mar 25, 2021, 11:00AM","30"
"Jonjo Shelvey","NEW","M","Drop","Nimma Koempels","","13","Thu Mar 25, 2021, 11:00AM","30"
"Dwight McNeil","BUR","M","Claim","Nimma Koempels","0.00","2","Thu Mar 25, 2021, 11:00AM","30"
"Pablo Fornals","WHU","M,F","Drop","Nimma Koempels","","2","Thu Mar 25, 2021, 11:00AM","30"
"Andreas Christensen","CHE","D","Claim","Nimma Koempels","0.00","1","Thu Mar 25, 2021, 11:00AM","30"
"Isaac Hayden","NEW","D,M","Drop","Nimma Koempels","","1","Thu Mar 25, 2021, 11:00AM","30"
"Phil Foden","MCI","M,F","Claim","Athletic de Bapao","6.00","2","Thu Mar 25, 2021, 11:00AM","30"
"Tyler Roberts","LEE","M,F","Drop","Athletic de Bapao","","2","Thu Mar 25, 2021, 11:00AM","30"
"Pablo Mari","ARS","D","Claim","Sjeeterboys","0.00","4","Thu Mar 25, 2021, 11:00AM","30"
"Ahmed El Mohamady","AVL","D","Drop","Sjeeterboys","","4","Thu Mar 25, 2021, 11:00AM","30"
"Kurt Zouma","CHE","D","Claim","Athletic de Bapao","19.00","1","Thu Mar 25, 2021, 11:00AM","30"
"John McGinn","AVL","M","Drop","Athletic de Bapao","","1","Thu Mar 25, 2021, 11:00AM","30"
"Daniel Podence","WOL","M,F","Claim","Sjeeterboys","1.00","1","Thu Mar 25, 2021, 11:00AM","30"
"Pascal Gross","BHA","M,F","Drop","Sjeeterboys","","1","Thu Mar 25, 2021, 11:00AM","30"
"Isaac Hayden","NEW","D,M","Claim","Nimma Koempels","0.00","10","Thu Mar 18, 2021, 11:00AM","29"
"Mateusz Klich","LEE","M","Drop","Nimma Koempels","","10","Thu Mar 18, 2021, 11:00AM","29"
"Ryan Bertrand","SOU","D,M","Claim","Redford United","1.00","6","Thu Mar 18, 2021, 11:00AM","29"
"Matthew Lowton","BUR","D","Drop","Redford United","","6","Thu Mar 18, 2021, 11:00AM","29"
"Jonjo Shelvey","NEW","M","Claim","Nimma Koempels","0.00","5","Thu Mar 18, 2021, 11:00AM","29"
"Luka Milivojevic","CRY","M","Drop","Nimma Koempels","","5","Thu Mar 18, 2021, 11:00AM","29"
"Lucas Moura","TOT","M,F","Claim","Redford United","1.00","4","Thu Mar 18, 2021, 11:00AM","29"
"Phil Foden","MCI","M,F","Drop","Redford United","","4","Thu Mar 18, 2021, 11:00AM","29"
"Leandro Trossard","BHA","M,F","Claim","Redford United","0.00","5","Thu Mar 18, 2021, 11:00AM","29"
"Bernd Leno","ARS","G","Drop","Redford United","","5","Thu Mar 18, 2021, 11:00AM","29"
"Callum Wilson","NEW","F","Claim","Poor Man's Pirlo","1.00","8","Thu Mar 18, 2021, 11:00AM","29"
"Toby Alderweireld","TOT","D","Drop","Poor Man's Pirlo","","8","Thu Mar 18, 2021, 11:00AM","29"
"Nathan Ake","MCI","D","Claim","Mövenpickje FC","5.00","8","Thu Mar 18, 2021, 11:00AM","29"
"Conor Coady","WOL","D","Drop","Mövenpickje FC","","8","Thu Mar 18, 2021, 11:00AM","29"
"Martin Dubravka","NEW","G","Claim","Nimma Koempels","2.00","2","Thu Mar 18, 2021, 11:00AM","29"
"Vicente Guaita","CRY","G","Drop","Nimma Koempels","","2","Thu Mar 18, 2021, 11:00AM","29"
"Thomas Partey","ARS","M","Claim","Redford United","2.00","3","Thu Mar 18, 2021, 11:00AM","29"
"Jordan Henderson","LIV","D,M","Drop","Redford United","","3","Thu Mar 18, 2021, 11:00AM","29"
"Adam Lallana","BHA","M,F","Claim","NOAD Athletic","3.00","2","Thu Mar 18, 2021, 11:00AM","29"
"Kurt Zouma","CHE","D","Drop","NOAD Athletic","","2","Thu Mar 18, 2021, 11:00AM","29"
"Illan Meslier","LEE","G","Claim","Athletic de Bapao","7.00","10","Thu Mar 18, 2021, 11:00AM","29"
"Robert Sanchez","BHA","G","Drop","Athletic de Bapao","","10","Thu Mar 18, 2021, 11:00AM","29"
"Lukasz Fabianski","WHU","G","Claim","Mövenpickje FC","11.00","4","Thu Mar 18, 2021, 11:00AM","29"
"Jordan Pickford","EVE","G","Drop","Mövenpickje FC","","4","Thu Mar 18, 2021, 11:00AM","29"
"Alexandre Lacazette","ARS","F","Claim","Athletic de Bapao","13.00","7","Thu Mar 18, 2021, 11:00AM","29"
"Anthony Martial","MUN","M,F","Drop","Athletic de Bapao","","7","Thu Mar 18, 2021, 11:00AM","29"
"Martin Odegaard","ARS","M","Claim","Athletic de Bapao","18.00","2","Thu Mar 18, 2021, 11:00AM","29"
"Ethan Ampadu","SHU","D,M","Drop","Athletic de Bapao","","2","Thu Mar 18, 2021, 11:00AM","29"
"Jack Harrison","LEE","M,F","Claim","Mövenpickje FC","11.00","3","Thu Mar 18, 2021, 11:00AM","29"
"Dwight McNeil","BUR","M","Drop","Mövenpickje FC","","3","Thu Mar 18, 2021, 11:00AM","29"
"Kelechi Iheanacho","LEI","F","Claim","Mövenpickje FC","120.00","1","Thu Mar 18, 2021, 11:00AM","29"
"Ezri Konsa","AVL","D","Drop","Mövenpickje FC","","1","Thu Mar 18, 2021, 11:00AM","29"
"Stuart Armstrong","SOU","M","Claim","Redford United","3.00","1","Thu Mar 18, 2021, 11:00AM","29"
"Mason Holgate","EVE","D","Drop","Redford United","","1","Thu Mar 18, 2021, 11:00AM","29"
"Toby Alderweireld","TOT","D","Claim","Poor Man's Pirlo","0.00","7","Thu Mar 11, 2021, 12:00PM","28"
"Issa Diop","WHU","D","Drop","Poor Man's Pirlo","","7","Thu Mar 11, 2021, 12:00PM","28"
"Pablo Fornals","WHU","M,F","Claim","Nimma Koempels","0.00","10","Thu Mar 11, 2021, 12:00PM","28"
"Stuart Armstrong","SOU","M","Drop","Nimma Koempels","","10","Thu Mar 11, 2021, 12:00PM","28"
"Chris Wood","BUR","F","Claim","Sjeeterboys","4.00","3","Thu Mar 11, 2021, 12:00PM","28"
"Joe Willock","ARS/NEW","M","Drop","Sjeeterboys","","3","Thu Mar 11, 2021, 12:00PM","28"
"Pascal Struijk","LEE","D,M","Claim","Poor Man's Pirlo","1.00","2","Thu Mar 11, 2021, 12:00PM","28"
"Allan Saint-Maximin","NEW","M,F","Drop","Poor Man's Pirlo","","2","Thu Mar 11, 2021, 12:00PM","28"
"Ben White","BHA","D,M","Claim","NOAD Athletic","5.00","3","Thu Mar 11, 2021, 12:00PM","28"
"Scott McTominay","MUN","M","Drop","NOAD Athletic","","3","Thu Mar 11, 2021, 12:00PM","28"
"Luka Milivojevic","CRY","M","Claim","Nimma Koempels","0.00","6","Thu Mar 11, 2021, 12:00PM","28"
"Abdoulaye Doucoure","EVE","M","Drop","Nimma Koempels","","6","Thu Mar 11, 2021, 12:00PM","28"
"John McGinn","AVL","M","Claim","Athletic de Bapao","8.00","1","Thu Mar 11, 2021, 12:00PM","28"
"Ben Godfrey","NOR/EVE","D,M","Drop","Athletic de Bapao","","1","Thu Mar 11, 2021, 12:00PM","28"
"Kyle Walker-Peters","SOU","D","Claim","Poor Man's Pirlo","24.00","1","Thu Mar 11, 2021, 12:00PM","28"
"Hector Bellerin","ARS","D,M","Drop","Poor Man's Pirlo","","1","Thu Mar 11, 2021, 12:00PM","28"
"Che Adams","SOU","F","Claim","NOAD Athletic","5.00","1","Thu Mar 11, 2021, 12:00PM","28"
"Alexandre Lacazette","ARS","F","Drop","NOAD Athletic","","1","Thu Mar 11, 2021, 12:00PM","28"
"Ola Aina","FUL","D","Claim","SSC Fugazi","28.00","1","Thu Mar 11, 2021, 12:00PM","28"
"Emile Smith Rowe","ARS","M","Drop","SSC Fugazi","","1","Thu Mar 11, 2021, 12:00PM","28"
"Vicente Guaita","CRY","G","Claim","Nimma Koempels","0.00","1","Thu Mar 11, 2021, 12:00PM","28"
"Karl Darlow","NEW","G","Drop","Nimma Koempels","","1","Thu Mar 11, 2021, 12:00PM","28"
"Conor Coady","WOL","D","Claim","Mövenpickje FC","1.00","1","Thu Mar 11, 2021, 12:00PM","28"
"Gabriel Magalhaes","ARS","D","Drop","Mövenpickje FC","","1","Thu Mar 11, 2021, 12:00PM","28"
"Ciaran Clark","NEW","D","Claim","BarcelOna '53","0.00","1","Thu Mar 11, 2021, 12:00PM","28"
"Jonny","WOL","D,M","Drop","BarcelOna '53","","1","Thu Mar 11, 2021, 12:00PM","28"
"Tyler Roberts","LEE","M,F","Claim","Athletic de Bapao","5.00","4","Thu Mar 4, 2021, 12:00PM","27"
"Matheus Pereira","WBA","M,F","Drop","Athletic de Bapao","","4","Thu Mar 4, 2021, 12:00PM","27"
"Emiliano Martinez","ARS/AVL","G","Claim","NOAD Athletic","3.00","4","Thu Mar 4, 2021, 12:00PM","27"
"Lukasz Fabianski","WHU","G","Drop","NOAD Athletic","","4","Thu Mar 4, 2021, 12:00PM","27"
"Abdoulaye Doucoure","EVE","M","Claim","Nimma Koempels","6.00","9","Thu Mar 4, 2021, 12:00PM","27"
"John McGinn","AVL","M","Drop","Nimma Koempels","","9","Thu Mar 4, 2021, 12:00PM","27"
"Willy Boly","WOL","D","Claim","Nimma Koempels","13.00","13","Thu Mar 4, 2021, 12:00PM","27"
"Ashley Westwood","BUR","M","Drop","Nimma Koempels","","13","Thu Mar 4, 2021, 12:00PM","27"
"Anwar El Ghazi","AVL","M,F","Claim","NOAD Athletic","8.00","2","Thu Mar 4, 2021, 12:00PM","27"
"Martin Odegaard","ARS","M","Drop","NOAD Athletic","","2","Thu Mar 4, 2021, 12:00PM","27"
"Karl Darlow","NEW","G","Claim","Nimma Koempels","0.00","4","Thu Mar 4, 2021, 12:00PM","27"
"Alex McCarthy","SOU","G","Drop","Nimma Koempels","","4","Thu Mar 4, 2021, 12:00PM","27"
"Davinson Sanchez","TOT","D","Claim","Athletic de Bapao","21.00","1","Thu Mar 4, 2021, 12:00PM","27"
"Kyle Walker-Peters","SOU","D","Drop","Athletic de Bapao","","1","Thu Mar 4, 2021, 12:00PM","27"
"Wilfried Zaha","CRY","M,F","Claim","Poor Man's Pirlo","11.00","1","Thu Mar 4, 2021, 12:00PM","27"
"Bernardo Silva","MCI","M,F","Drop","Poor Man's Pirlo","","1","Thu Mar 4, 2021, 12:00PM","27"
"Stuart Armstrong","SOU","M","Claim","Nimma Koempels","13.00","7","Thu Mar 4, 2021, 12:00PM","27"
"Ezgjan Alioski","LEE","D,M","Drop","Nimma Koempels","","7","Thu Mar 4, 2021, 12:00PM","27"
"Gareth Bale","TOT","M,F","Claim","Pitch 'n Peuk FC","160.00","1","Thu Mar 4, 2021, 12:00PM","27"
"Harvey Barnes","LEI","M,F","Drop","Pitch 'n Peuk FC","","1","Thu Mar 4, 2021, 12:00PM","27"
"Vladimir Coufal","WHU","D,M","Claim","Nimma Koempels","12.00","1","Thu Mar 4, 2021, 12:00PM","27"
"Ola Aina","FUL","D","Drop","Nimma Koempels","","1","Thu Mar 4, 2021, 12:00PM","27"
"Joe Willock","ARS/NEW","M","Claim","Sjeeterboys","3.00","1","Thu Mar 4, 2021, 12:00PM","27"
"Jack Harrison","LEE","M,F","Drop","Sjeeterboys","","1","Thu Mar 4, 2021, 12:00PM","27"
"Diego Llorente","LEE","D","Claim","Sjeeterboys","0.00","5","Thu Feb 25, 2021, 12:00PM","26"
"Pascal Struijk","LEE","D,M","Drop","Sjeeterboys","","5","Thu Feb 25, 2021, 12:00PM","26"
"Adama Traore","WOL","M,F","Claim","Mövenpickje FC","3.00","6","Thu Feb 25, 2021, 12:00PM","26"
"Ben White","BHA","D,M","Drop","Mövenpickje FC","","6","Thu Feb 25, 2021, 12:00PM","26"
"Pascal Gross","BHA","M,F","Claim","Sjeeterboys","0.00","3","Thu Feb 25, 2021, 12:00PM","26"
"Fred","MUN","M","Drop","Sjeeterboys","","3","Thu Feb 25, 2021, 12:00PM","26"
"Serge Aurier","TOT","D,M","Claim","Athletic de Bapao","3.00","3","Thu Feb 25, 2021, 12:00PM","26"
"Nathan Redmond","SOU","M,F","Drop","Athletic de Bapao","","3","Thu Feb 25, 2021, 12:00PM","26"
"Dwight McNeil","BUR","M","Claim","Mövenpickje FC","11.00","5","Thu Feb 25, 2021, 12:00PM","26"
"Raul Jimenez","WOL","F","Drop","Mövenpickje FC","","5","Thu Feb 25, 2021, 12:00PM","26"
"Ademola Lookman","EVE/FUL","M,F","Claim","Poor Man's Pirlo","10.00","6","Thu Feb 25, 2021, 12:00PM","26"
"Josh Maja","SUN/FUL","F","Drop","Poor Man's Pirlo","","6","Thu Feb 25, 2021, 12:00PM","26"
"Issa Diop","WHU","D","Claim","Poor Man's Pirlo","1.00","4","Thu Feb 25, 2021, 12:00PM","26"
"Joe Willock","ARS/NEW","M","Drop","Poor Man's Pirlo","","4","Thu Feb 25, 2021, 12:00PM","26"
"Ezri Konsa","AVL","D","Claim","Mövenpickje FC","11.00","4","Thu Feb 25, 2021, 12:00PM","26"
"Oriol Romeu","SOU","M","Drop","Mövenpickje FC","","4","Thu Feb 25, 2021, 12:00PM","26"
"Cheikhou Kouyate","CRY","D,M","Claim","Mövenpickje FC","11.00","3","Thu Feb 25, 2021, 12:00PM","26"
"Chris Basham","SHU","D,M","Drop","Mövenpickje FC","","3","Thu Feb 25, 2021, 12:00PM","26"
"Sergio Reguilon","TOT","D,M","Claim","Poor Man's Pirlo","18.00","1","Thu Feb 25, 2021, 12:00PM","26"
"Wilfried Zaha","CRY","M,F","Drop","Poor Man's Pirlo","","1","Thu Feb 25, 2021, 12:00PM","26"
"Bernd Leno","ARS","G","Claim","Redford United","5.00","1","Thu Feb 25, 2021, 12:00PM","26"
"Ryan Bertrand","SOU","D,M","Drop","Redford United","","1","Thu Feb 25, 2021, 12:00PM","26"
"Alex McCarthy","SOU","G","Claim","Nimma Koempels","6.00","1","Thu Feb 25, 2021, 12:00PM","26"
"Emiliano Martinez","ARS/AVL","G","Drop","Nimma Koempels","","1","Thu Feb 25, 2021, 12:00PM","26"
"Jordan Pickford","EVE","G","Claim","Mövenpickje FC","31.00","1","Thu Feb 25, 2021, 12:00PM","26"
"Nick Pope","BUR","G","Drop","Mövenpickje FC","","1","Thu Feb 25, 2021, 12:00PM","26"
"Ahmed El Mohamady","AVL","D","Claim","Sjeeterboys","4.00","1","Thu Feb 25, 2021, 12:00PM","26"
"Vladimir Coufal","WHU","D,M","Drop","Sjeeterboys","","1","Thu Feb 25, 2021, 12:00PM","26"
"Josh Maja","SUN/FUL","F","Claim","Poor Man's Pirlo","6.00","4","Thu Feb 18, 2021, 12:00PM","25"
"Jordan Pickford","EVE","G","Drop","Poor Man's Pirlo","","4","Thu Feb 18, 2021, 12:00PM","25"
"Harrison Reed","FUL","M","Claim","NOAD Athletic","3.00","3","Thu Feb 18, 2021, 12:00PM","25"
"Abdoulaye Doucoure","EVE","M","Drop","NOAD Athletic","","3","Thu Feb 18, 2021, 12:00PM","25"
"Bernardo Silva","MCI","M,F","Claim","Poor Man's Pirlo","5.00","2","Thu Feb 18, 2021, 12:00PM","25"
"Callum Wilson","NEW","F","Drop","Poor Man's Pirlo","","2","Thu Feb 18, 2021, 12:00PM","25"
"Dan Burn","BHA","D,M","Claim","NOAD Athletic","3.00","2","Thu Feb 18, 2021, 12:00PM","25"
"Rob Holding","ARS","D","Drop","NOAD Athletic","","2","Thu Feb 18, 2021, 12:00PM","25"
"Nick Pope","BUR","G","Claim","Mövenpickje FC","11.00","3","Thu Feb 18, 2021, 12:00PM","25"
"Vicente Guaita","CRY","G","Drop","Mövenpickje FC","","3","Thu Feb 18, 2021, 12:00PM","25"
"Aymeric Laporte","MCI","D","Claim","Pitch 'n Peuk FC","37.00","2","Thu Feb 18, 2021, 12:00PM","25"
"Nathan Ake","MCI","D","Drop","Pitch 'n Peuk FC","","2","Thu Feb 18, 2021, 12:00PM","25"
"Robert Sanchez","BHA","G","Claim","Athletic de Bapao","3.00","6","Thu Feb 18, 2021, 12:00PM","25"
"Rui Patrício","WOL","G","Drop","Athletic de Bapao","","6","Thu Feb 18, 2021, 12:00PM","25"
"Joel Veltman","BHA","D,M","Claim","Mövenpickje FC","11.00","2","Thu Feb 18, 2021, 12:00PM","25"
"Bertrand Traore","CHE/AVL","M,F","Drop","Mövenpickje FC","","2","Thu Feb 18, 2021, 12:00PM","25"
"Harvey Barnes","LEI","M,F","Claim","Pitch 'n Peuk FC","51.00","3","Thu Feb 18, 2021, 12:00PM","25"
"Tammy Abraham","CHE","F","Drop","Pitch 'n Peuk FC","","3","Thu Feb 18, 2021, 12:00PM","25"
"Tyrone Mings","AVL","D","Claim","Pitch 'n Peuk FC","14.00","1","Thu Feb 18, 2021, 12:00PM","25"
"James Justin","LEI","D,M","Drop","Pitch 'n Peuk FC","","1","Thu Feb 18, 2021, 12:00PM","25"
"John McGinn","AVL","M","Claim","Nimma Koempels","0.00","1","Thu Feb 18, 2021, 12:00PM","25"
"Erik Pieters","BUR","D,M","Drop","Nimma Koempels","","1","Thu Feb 18, 2021, 12:00PM","25"
"Ozan Kabak","LIV","D","Claim","Sjeeterboys","4.00","1","Thu Feb 18, 2021, 12:00PM","25"
"Josh Brownhill","BUR","M,F","Drop","Sjeeterboys","","1","Thu Feb 18, 2021, 12:00PM","25"
"Nathan Redmond","SOU","M,F","Claim","Athletic de Bapao","19.00","1","Thu Feb 18, 2021, 12:00PM","25"
"Dwight McNeil","BUR","M","Drop","Athletic de Bapao","","1","Thu Feb 18, 2021, 12:00PM","25"
"Allan Saint-Maximin","NEW","M,F","Claim","Poor Man's Pirlo","4.00","13","Thu Feb 11, 2021, 12:00PM","24"
"Gylfi Sigurdsson","EVE","M,F","Drop","Poor Man's Pirlo","","13","Thu Feb 11, 2021, 12:00PM","24"
"Fred","MUN","M","Claim","Sjeeterboys","5.00","3","Thu Feb 11, 2021, 12:00PM","24"
"Miguel Almiron","NEW","M,F","Drop","Sjeeterboys","","3","Thu Feb 11, 2021, 12:00PM","24"
"Joe Willock","ARS/NEW","M","Claim","Poor Man's Pirlo","1.00","3","Thu Feb 11, 2021, 12:00PM","24"
"Daniel Podence","WOL","M,F","Drop","Poor Man's Pirlo","","3","Thu Feb 11, 2021, 12:00PM","24"
"Jonny","WOL","D,M","Claim","BarcelOna '53","9.00","3","Thu Feb 11, 2021, 12:00PM","24"
"Aymeric Laporte","MCI","D","Drop","BarcelOna '53","","3","Thu Feb 11, 2021, 12:00PM","24"
"Sergio Aguero","MCI","F","Claim","Nimma Koempels","35.00","8","Thu Feb 11, 2021, 12:00PM","24"
"Seamus Coleman","EVE","D,M","Drop","Nimma Koempels","","8","Thu Feb 11, 2021, 12:00PM","24"
"Mateusz Klich","LEE","M","Claim","Nimma Koempels","5.00","7","Thu Feb 11, 2021, 12:00PM","24"
"Harrison Reed","FUL","M","Drop","Nimma Koempels","","7","Thu Feb 11, 2021, 12:00PM","24"
"Ethan Ampadu","SHU","D,M","Claim","Athletic de Bapao","7.00","4","Thu Feb 11, 2021, 12:00PM","24"
"Isaac Hayden","NEW","D,M","Drop","Athletic de Bapao","","4","Thu Feb 11, 2021, 12:00PM","24"
"Tosin Adarabioyo","MCI/FUL","D","Claim","Mövenpickje FC","11.00","2","Thu Feb 11, 2021, 12:00PM","24"
"Darnell Furlong","WBA","D,M","Drop","Mövenpickje FC","","2","Thu Feb 11, 2021, 12:00PM","24"
"Erik Pieters","BUR","D,M","Claim","Nimma Koempels","5.00","2","Thu Feb 11, 2021, 12:00PM","24"
"James McArthur","CRY","M","Drop","Nimma Koempels","","2","Thu Feb 11, 2021, 12:00PM","24"
"Mason Holgate","EVE","D","Claim","Redford United","2.00","3","Thu Feb 11, 2021, 12:00PM","24"
"Thomas Partey","ARS","M","Drop","Redford United","","3","Thu Feb 11, 2021, 12:00PM","24"
"Dwight McNeil","BUR","M","Claim","Athletic de Bapao","7.00","1","Thu Feb 11, 2021, 12:00PM","24"
"Jonjo Shelvey","NEW","M","Drop","Athletic de Bapao","","1","Thu Feb 11, 2021, 12:00PM","24"
"Scott McTominay","MUN","M","Claim","NOAD Athletic","5.00","2","Thu Feb 11, 2021, 12:00PM","24"
"Harvey Barnes","LEI","M,F","Drop","NOAD Athletic","","2","Thu Feb 11, 2021, 12:00PM","24"
"Joachim Andersen","FUL","D","Claim","Sjeeterboys","12.00","1","Thu Feb 11, 2021, 12:00PM","24"
"Willy Boly","WOL","D","Drop","Sjeeterboys","","1","Thu Feb 11, 2021, 12:00PM","24"
"Matthew Lowton","BUR","D","Claim","Redford United","10.00","1","Thu Feb 11, 2021, 12:00PM","24"
"Nicolas Pepe","ARS","M,F","Drop","Redford United","","1","Thu Feb 11, 2021, 12:00PM","24"
"Vicente Guaita","CRY","G","Claim","Mövenpickje FC","22.00","1","Thu Feb 11, 2021, 12:00PM","24"
"Nick Pope","BUR","G","Drop","Mövenpickje FC","","1","Thu Feb 11, 2021, 12:00PM","24"
"Yves Bissouma","BHA","M","Claim","Sjeeterboys","0.00","7","Thu Feb 4, 2021, 12:00PM","23"
"Ethan Ampadu","SHU","D,M","Drop","Sjeeterboys","","7","Thu Feb 4, 2021, 12:00PM","23"
"Jorginho","CHE","M","Claim","NOAD Athletic","19.00","5","Thu Feb 4, 2021, 12:00PM","23"
"Jarrod Bowen","WHU","M,F","Drop","NOAD Athletic","","5","Thu Feb 4, 2021, 12:00PM","23"
"Aymeric Laporte","MCI","D","Claim","BarcelOna '53","2.00","5","Thu Feb 4, 2021, 12:00PM","23"
"Jack Stephens","SOU","D","Drop","BarcelOna '53","","5","Thu Feb 4, 2021, 12:00PM","23"
"Miguel Almiron","NEW","M,F","Claim","Sjeeterboys","1.00","3","Thu Feb 4, 2021, 12:00PM","23"
"Christian Benteke","CRY","F","Drop","Sjeeterboys","","3","Thu Feb 4, 2021, 12:00PM","23"
"Isaac Hayden","NEW","D,M","Claim","Athletic de Bapao","7.00","3","Thu Feb 4, 2021, 12:00PM","23"
"Adama Traore","WOL","M,F","Drop","Athletic de Bapao","","3","Thu Feb 4, 2021, 12:00PM","23"
"Marcos Alonso","CHE","D,M","Claim","Poor Man's Pirlo","10.00","2","Thu Feb 4, 2021, 12:00PM","23"
"Toby Alderweireld","TOT","D","Drop","Poor Man's Pirlo","","2","Thu Feb 4, 2021, 12:00PM","23"
"Lukasz Fabianski","WHU","G","Claim","NOAD Athletic","13.00","2","Thu Feb 4, 2021, 12:00PM","23"
"Bernd Leno","ARS","G","Drop","NOAD Athletic","","2","Thu Feb 4, 2021, 12:00PM","23"
"Craig Dawson","WAT/WHU","D","Claim","BarcelOna '53","5.00","2","Thu Feb 4, 2021, 12:00PM","23"
"Serge Aurier","TOT","D,M","Drop","BarcelOna '53","","2","Thu Feb 4, 2021, 12:00PM","23"
"Caglar Soyuncu","LEI","D","Claim","Athletic de Bapao","47.00","1","Thu Feb 4, 2021, 12:00PM","23"
"Joel Matip","LIV","D","Drop","Athletic de Bapao","","1","Thu Feb 4, 2021, 12:00PM","23"
"Cesar Azpilicueta","CHE","D,M","Claim","NOAD Athletic","43.00","1","Thu Feb 4, 2021, 12:00PM","23"
"Mateusz Klich","LEE","M","Drop","NOAD Athletic","","1","Thu Feb 4, 2021, 12:00PM","23"
"Takumi Minamino","LIV/SOU","M,F","Claim","Mövenpickje FC","21.00","1","Thu Feb 4, 2021, 12:00PM","23"
"Olivier Giroud","CHE","F","Drop","Mövenpickje FC","","1","Thu Feb 4, 2021, 12:00PM","23"
"Jesse Lingard","MUN/WHU","M,F","Claim","Pitch 'n Peuk FC","157.00","1","Thu Feb 4, 2021, 12:00PM","23"
"Sergio Aguero","MCI","F","Drop","Pitch 'n Peuk FC","","1","Thu Feb 4, 2021, 12:00PM","23"
"Nicolas Pepe","ARS","M,F","Claim","Redford United","0.00","1","Thu Feb 4, 2021, 12:00PM","23"
"Moussa Sissoko","TOT","M","Drop","Redford United","","1","Thu Feb 4, 2021, 12:00PM","23"
"Emile Smith Rowe","ARS","M","Claim","SSC Fugazi","3.00","1","Thu Feb 4, 2021, 12:00PM","23"
"Curtis Jones","LIV","M","Drop","SSC Fugazi","","1","Thu Feb 4, 2021, 12:00PM","23"
"Pascal Struijk","LEE","D,M","Claim","Sjeeterboys","10.00","1","Thu Feb 4, 2021, 12:00PM","23"
"Kenny Tete","FUL","D,M","Drop","Sjeeterboys","","1","Thu Feb 4, 2021, 12:00PM","23"
"Rui Patrício","WOL","G","Claim","Athletic de Bapao","4.00","3","Thu Jan 28, 2021, 12:00PM","21"
"Lukasz Fabianski","WHU","G","Drop","Athletic de Bapao","","3","Thu Jan 28, 2021, 12:00PM","21"
"Oleksandr Zinchenko","MCI","D","Claim","NOAD Athletic","8.00","2","Thu Jan 28, 2021, 12:00PM","21"
"Mason Holgate","EVE","D","Drop","NOAD Athletic","","2","Thu Jan 28, 2021, 12:00PM","21"
"Martin Odegaard","ARS","M","Claim","NOAD Athletic","181.00","1","Thu Jan 28, 2021, 12:00PM","21"
"Scott McTominay","MUN","M","Drop","NOAD Athletic","","1","Thu Jan 28, 2021, 12:00PM","21"
"Jonjo Shelvey","NEW","M","Claim","Athletic de Bapao","3.00","1","Thu Jan 28, 2021, 12:00PM","21"
"Anwar El Ghazi","AVL","M,F","Drop","Athletic de Bapao","","1","Thu Jan 28, 2021, 12:00PM","21"
"Kenny Tete","FUL","D,M","Claim","Sjeeterboys","14.00","1","Thu Jan 28, 2021, 12:00PM","21"
"Caglar Soyuncu","LEI","D","Drop","Sjeeterboys","","1","Thu Jan 28, 2021, 12:00PM","21"
"Christian Benteke","CRY","F","Claim","Sjeeterboys","1.00","3","Thu Jan 21, 2021, 12:00PM","20"
"Pablo Mari","ARS","D","Drop","Sjeeterboys","","3","Thu Jan 21, 2021, 12:00PM","20"
"Ola Aina","FUL","D","Claim","Nimma Koempels","0.00","10","Thu Jan 21, 2021, 12:00PM","20"
"Craig Dawson","WAT/WHU","D","Drop","Nimma Koempels","","10","Thu Jan 21, 2021, 12:00PM","20"
"Harrison Reed","FUL","M","Claim","Nimma Koempels","0.00","6","Thu Jan 21, 2021, 12:00PM","20"
"Romaine Sawyers","WBA","M","Drop","Nimma Koempels","","6","Thu Jan 21, 2021, 12:00PM","20"
"Ethan Ampadu","SHU","D,M","Claim","Sjeeterboys","1.00","1","Thu Jan 21, 2021, 12:00PM","20"
"Antonee Robinson","FUL","D,M","Drop","Sjeeterboys","","1","Thu Jan 21, 2021, 12:00PM","20"
"Matheus Pereira","WBA","M,F","Claim","Athletic de Bapao","14.00","2","Thu Jan 21, 2021, 12:00PM","20"
"Dani Ceballos","ARS","M","Drop","Athletic de Bapao","","2","Thu Jan 21, 2021, 12:00PM","20"
"Edinson Cavani","MUN","F","Claim","Pitch 'n Peuk FC","16.00","2","Thu Jan 21, 2021, 12:00PM","20"
"Ferran Torres","MCI","M,F","Drop","Pitch 'n Peuk FC","","2","Thu Jan 21, 2021, 12:00PM","20"
"Seamus Coleman","EVE","D,M","Claim","Nimma Koempels","0.00","4","Thu Jan 21, 2021, 12:00PM","20"
"Eric Bailly","MUN","D","Drop","Nimma Koempels","","4","Thu Jan 21, 2021, 12:00PM","20"
"Lukasz Fabianski","WHU","G","Claim","Athletic de Bapao","9.00","1","Thu Jan 21, 2021, 12:00PM","20"
"Rui Patrício","WOL","G","Drop","Athletic de Bapao","","1","Thu Jan 21, 2021, 12:00PM","20"
"Rob Holding","ARS","D","Claim","NOAD Athletic","5.00","1","Thu Jan 21, 2021, 12:00PM","20"
"Tyrone Mings","AVL","D","Drop","NOAD Athletic","","1","Thu Jan 21, 2021, 12:00PM","20"
"Emiliano Martinez","ARS/AVL","G","Claim","Nimma Koempels","0.00","1","Thu Jan 21, 2021, 12:00PM","20"
"Illan Meslier","LEE","G","Drop","Nimma Koempels","","1","Thu Jan 21, 2021, 12:00PM","20"
"Mateo Kovacic","CHE","M","Claim","Pitch 'n Peuk FC","3.00","1","Thu Jan 21, 2021, 12:00PM","20"
"Willian","ARS","M,F","Drop","Pitch 'n Peuk FC","","1","Thu Jan 21, 2021, 12:00PM","20"
"Antonio Rudiger","CHE","D","Claim","BarcelOna '53","2.00","1","Thu Jan 21, 2021, 12:00PM","20"
"Ezri Konsa","AVL","D","Drop","BarcelOna '53","","1","Thu Jan 21, 2021, 12:00PM","20"
"Illan Meslier","LEE","G","Claim","Nimma Koempels","2.00","8","Thu Jan 14, 2021, 12:00PM","19"
"Aaron Ramsdale","SHU","G","Drop","Nimma Koempels","","8","Thu Jan 14, 2021, 12:00PM","19"
"Eric Bailly","MUN","D","Claim","Nimma Koempels","3.00","6","Thu Jan 14, 2021, 12:00PM","19"
"Sergio Reguilon","TOT","D,M","Drop","Nimma Koempels","","6","Thu Jan 14, 2021, 12:00PM","19"
"Romaine Sawyers","WBA","M","Claim","Nimma Koempels","0.00","4","Thu Jan 14, 2021, 12:00PM","19"
"John McGinn","AVL","M","Drop","Nimma Koempels","","4","Thu Jan 14, 2021, 12:00PM","19"
"Craig Dawson","WAT/WHU","D","Claim","Nimma Koempels","0.00","2","Thu Jan 14, 2021, 12:00PM","19"
"Federico Fernandez","NEW","D","Drop","Nimma Koempels","","2","Thu Jan 14, 2021, 12:00PM","19"
"Joel Matip","LIV","D","Claim","Athletic de Bapao","11.00","1","Thu Jan 14, 2021, 12:00PM","19"
"Douglas Luiz","AVL","M","Drop","Athletic de Bapao","","1","Thu Jan 14, 2021, 12:00PM","19"
"Phil Foden","MCI","M,F","Claim","Redford United","12.00","1","Thu Jan 14, 2021, 12:00PM","19"
"Matthew Lowton","BUR","D","Drop","Redford United","","1","Thu Jan 14, 2021, 12:00PM","19"
"Jarrod Bowen","WHU","M,F","Claim","NOAD Athletic","7.00","1","Thu Jan 14, 2021, 12:00PM","19"
"Joelinton","NEW","M,F","Drop","NOAD Athletic","","1","Thu Jan 14, 2021, 12:00PM","19"
"Pablo Mari","ARS","D","Claim","Sjeeterboys","1.00","1","Thu Jan 14, 2021, 12:00PM","19"
"Gabriel Martinelli","ARS","M,F","Drop","Sjeeterboys","","1","Thu Jan 14, 2021, 12:00PM","19"
"Adama Traore","WOL","M,F","Claim","Athletic de Bapao","5.00","10","Thu Jan 7, 2021, 12:00PM","18"
"Christian Pulisic","CHE","M,F","Drop","Athletic de Bapao","","10","Thu Jan 7, 2021, 12:00PM","18"
"Joelinton","NEW","M,F","Claim","NOAD Athletic","1.00","4","Thu Jan 7, 2021, 12:00PM","18"
"Che Adams","SOU","F","Drop","NOAD Athletic","","4","Thu Jan 7, 2021, 12:00PM","18"
"João Moutinho","WOL","M","Claim","Sjeeterboys","11.00","1","Thu Jan 7, 2021, 12:00PM","18"
"Chris Wood","BUR","F","Drop","Sjeeterboys","","1","Thu Jan 7, 2021, 12:00PM","18"
"Douglas Luiz","AVL","M","Claim","Athletic de Bapao","4.00","6","Thu Jan 7, 2021, 12:00PM","18"
"Joel Matip","LIV","D","Drop","Athletic de Bapao","","6","Thu Jan 7, 2021, 12:00PM","18"
"Scott McTominay","MUN","M","Claim","NOAD Athletic","5.00","2","Thu Jan 7, 2021, 12:00PM","18"
"Stuart Armstrong","SOU","M","Drop","NOAD Athletic","","2","Thu Jan 7, 2021, 12:00PM","18"
"Federico Fernandez","NEW","D","Claim","Nimma Koempels","0.00","2","Thu Jan 7, 2021, 12:00PM","18"
"Rob Holding","ARS","D","Drop","Nimma Koempels","","2","Thu Jan 7, 2021, 12:00PM","18"
"Dani Ceballos","ARS","M","Claim","Athletic de Bapao","23.00","1","Thu Jan 7, 2021, 12:00PM","18"
"Yves Bissouma","BHA","M","Drop","Athletic de Bapao","","1","Thu Jan 7, 2021, 12:00PM","18"
"Jack Stephens","SOU","D","Claim","BarcelOna '53","0.00","1","Thu Jan 7, 2021, 12:00PM","18"
"Fabian Balbuena","WHU","D","Drop","BarcelOna '53","","1","Thu Jan 7, 2021, 12:00PM","18"
"Granit Xhaka","ARS","D,M","Claim","Redford United","1.00","1","Thu Jan 7, 2021, 12:00PM","18"
"Karl Darlow","NEW","G","Drop","Redford United","","1","Thu Jan 7, 2021, 12:00PM","18"
"Aaron Ramsdale","SHU","G","Claim","Nimma Koempels","0.00","1","Thu Jan 7, 2021, 12:00PM","18"
"Vicente Guaita","CRY","G","Drop","Nimma Koempels","","1","Thu Jan 7, 2021, 12:00PM","18"
"Chris Wood","BUR","F","Claim","Sjeeterboys","1.00","1","Thu Dec 31, 2020, 12:00PM","17"
"Ademola Lookman","EVE/FUL","M,F","Drop","Sjeeterboys","","1","Thu Dec 31, 2020, 12:00PM","17"
"Bertrand Traore","CHE/AVL","M,F","Claim","Mövenpickje FC","5.00","3","Thu Dec 31, 2020, 12:00PM","17"
"Donny van de Beek","MUN","M","Drop","Mövenpickje FC","","3","Thu Dec 31, 2020, 12:00PM","17"
"Virgil van Dijk","LIV","D","Claim","BarcelOna '53","7.00","2","Thu Dec 31, 2020, 12:00PM","17"
"John Egan","SHU","D","Drop","BarcelOna '53","","2","Thu Dec 31, 2020, 12:00PM","17"
"Bukayo Saka","ARS","D,M","Claim","Mövenpickje FC","11.00","2","Thu Dec 31, 2020, 12:00PM","17"
"Steven Bergwijn","TOT","M,F","Drop","Mövenpickje FC","","2","Thu Dec 31, 2020, 12:00PM","17"
"Rob Holding","ARS","D","Claim","Nimma Koempels","0.00","3","Thu Dec 31, 2020, 12:00PM","17"
"Alex Telles","MUN","D","Drop","Nimma Koempels","","3","Thu Dec 31, 2020, 12:00PM","17"
"Ryan Bertrand","SOU","D,M","Claim","Redford United","1.00","2","Thu Dec 31, 2020, 12:00PM","17"
"Jarrod Bowen","WHU","M,F","Drop","Redford United","","2","Thu Dec 31, 2020, 12:00PM","17"
"Karl Darlow","NEW","G","Claim","Redford United","1.00","1","Thu Dec 31, 2020, 12:00PM","17"
"Edinson Cavani","MUN","F","Drop","Redford United","","1","Thu Dec 31, 2020, 12:00PM","17"
"John Stones","MCI","D","Claim","SSC Fugazi","5.00","1","Thu Dec 31, 2020, 12:00PM","17"
"Aymeric Laporte","MCI","D","Drop","SSC Fugazi","","1","Thu Dec 31, 2020, 12:00PM","17"
"Vicente Guaita","CRY","G","Claim","Nimma Koempels","0.00","1","Thu Dec 31, 2020, 12:00PM","17"
"Lukasz Fabianski","WHU","G","Drop","Nimma Koempels","","1","Thu Dec 31, 2020, 12:00PM","17"
"Nick Pope","BUR","G","Claim","Mövenpickje FC","18.00","1","Thu Dec 31, 2020, 12:00PM","17"
"Emiliano Martinez","ARS/AVL","G","Drop","Mövenpickje FC","","1","Thu Dec 31, 2020, 12:00PM","17"
"Alexandre Lacazette","ARS","F","Claim","NOAD Athletic","23.00","1","Thu Dec 31, 2020, 12:00PM","17"
"Alex McCarthy","SOU","G","Drop","NOAD Athletic","","1","Thu Dec 31, 2020, 12:00PM","17"
"Robin Koch","LEE","D,M","Claim","BarcelOna '53","3.00","1","Thu Dec 31, 2020, 12:00PM","17"
"Scott McTominay","MUN","M","Drop","BarcelOna '53","","1","Thu Dec 31, 2020, 12:00PM","17"
"Lucas Digne","EVE","D,M","Claim","Athletic de Bapao","24.00","1","Thu Dec 31, 2020, 12:00PM","17"
"Cheikhou Kouyate","CRY","D,M","Drop","Athletic de Bapao","","1","Thu Dec 31, 2020, 12:00PM","17"
"Matthew Lowton","BUR","D","Claim","Nimma Koempels","0.00","12","Thu Dec 24, 2020, 12:00PM","15"
"Matt Doherty","TOT","D,M","Drop","Nimma Koempels","","12","Thu Dec 24, 2020, 12:00PM","15"
"Yves Bissouma","BHA","M","Claim","Athletic de Bapao","1.00","6","Thu Dec 24, 2020, 12:00PM","15"
"Jonjo Shelvey","NEW","M","Drop","Athletic de Bapao","","6","Thu Dec 24, 2020, 12:00PM","15"
"Daniel Podence","WOL","M,F","Claim","Poor Man's Pirlo","5.00","6","Thu Dec 24, 2020, 12:00PM","15"
"Ayoze Perez","LEI","M,F","Drop","Poor Man's Pirlo","","6","Thu Dec 24, 2020, 12:00PM","15"
"Ezgjan Alioski","LEE","D,M","Claim","Nimma Koempels","0.00","9","Thu Dec 24, 2020, 12:00PM","15"
"Christian Fuchs","LEI","D","Drop","Nimma Koempels","","9","Thu Dec 24, 2020, 12:00PM","15"
"Gabriel Martinelli","ARS","M,F","Claim","Sjeeterboys","46.00","3","Thu Dec 24, 2020, 12:00PM","15"
"Patrick van Aanholt","CRY","D","Drop","Sjeeterboys","","3","Thu Dec 24, 2020, 12:00PM","15"
"Anwar El Ghazi","AVL","M,F","Claim","Athletic de Bapao","18.00","2","Thu Dec 24, 2020, 12:00PM","15"
"Pascal Gross","BHA","M,F","Drop","Athletic de Bapao","","2","Thu Dec 24, 2020, 12:00PM","15"
"Ashley Westwood","BUR","M","Claim","Nimma Koempels","0.00","4","Thu Dec 24, 2020, 12:00PM","15"
"Virgil van Dijk","LIV","D","Drop","Nimma Koempels","","4","Thu Dec 24, 2020, 12:00PM","15"
"Jarrod Bowen","WHU","M,F","Claim","Redford United","3.00","2","Thu Dec 24, 2020, 12:00PM","15"
"Joel Veltman","BHA","D,M","Drop","Redford United","","2","Thu Dec 24, 2020, 12:00PM","15"
"Ilkay Gundogan","MCI","M","Claim","Sjeeterboys","48.00","1","Thu Dec 24, 2020, 12:00PM","15"
"Oliver McBurnie","SHU","F","Drop","Sjeeterboys","","1","Thu Dec 24, 2020, 12:00PM","15"
"Gylfi Sigurdsson","EVE","M,F","Claim","Poor Man's Pirlo","10.00","1","Thu Dec 24, 2020, 12:00PM","15"
"Alexandre Lacazette","ARS","F","Drop","Poor Man's Pirlo","","1","Thu Dec 24, 2020, 12:00PM","15"
"Alex McCarthy","SOU","G","Claim","NOAD Athletic","11.00","1","Thu Dec 24, 2020, 12:00PM","15"
"Vicente Guaita","CRY","G","Drop","NOAD Athletic","","1","Thu Dec 24, 2020, 12:00PM","15"
"Lewis Dunk","BHA","D","Claim","SSC Fugazi","0.00","1","Thu Dec 24, 2020, 12:00PM","15"
"Gareth Bale","TOT","M,F","Drop","SSC Fugazi","","1","Thu Dec 24, 2020, 12:00PM","15"
"Scott McTominay","MUN","M","Claim","BarcelOna '53","5.00","1","Thu Dec 24, 2020, 12:00PM","15"
"Tanguy Ndombele","TOT","M,F","Drop","BarcelOna '53","","1","Thu Dec 24, 2020, 12:00PM","15"
"Lukasz Fabianski","WHU","G","Claim","Nimma Koempels","0.00","1","Thu Dec 24, 2020, 12:00PM","15"
"Karl Darlow","NEW","G","Drop","Nimma Koempels","","1","Thu Dec 24, 2020, 12:00PM","15"
"Vladimir Coufal","WHU","D,M","Claim","Sjeeterboys","29.00","2","Thu Dec 17, 2020, 12:00PM","14"
"Ryan Bertrand","SOU","D,M","Drop","Sjeeterboys","","2","Thu Dec 17, 2020, 12:00PM","14"
"Matt Targett","AVL","D,M","Claim","NOAD Athletic","17.00","2","Thu Dec 17, 2020, 12:00PM","14"
"Trézéguet","AVL","M,F","Drop","NOAD Athletic","","2","Thu Dec 17, 2020, 12:00PM","14"
"Virgil van Dijk","LIV","D","Claim","Nimma Koempels","0.00","2","Thu Dec 17, 2020, 12:00PM","14"
"Lewis Dunk","BHA","D","Drop","Nimma Koempels","","2","Thu Dec 17, 2020, 12:00PM","14"
"Romain Saiss","WOL","D,M","Claim","BarcelOna '53","24.00","1","Thu Dec 17, 2020, 12:00PM","14"
"Bernardo Silva","MCI","M,F","Drop","BarcelOna '53","","1","Thu Dec 17, 2020, 12:00PM","14"
"Emiliano Martinez","ARS/AVL","G","Claim","Mövenpickje FC","15.00","2","Thu Dec 17, 2020, 12:00PM","14"
"Alex McCarthy","SOU","G","Drop","Mövenpickje FC","","2","Thu Dec 17, 2020, 12:00PM","14"
"Tyrone Mings","AVL","D","Claim","NOAD Athletic","17.00","3","Thu Dec 17, 2020, 12:00PM","14"
"Conor Coady","WOL","D","Drop","NOAD Athletic","","3","Thu Dec 17, 2020, 12:00PM","14"
"Joel Veltman","BHA","D,M","Claim","Redford United","0.00","1","Thu Dec 17, 2020, 12:00PM","14"
"Jamal Lewis","NEW","D","Drop","Redford United","","1","Thu Dec 17, 2020, 12:00PM","14"
"Raphinha","LEE","M,F","Claim","Athletic de Bapao","12.00","1","Thu Dec 17, 2020, 12:00PM","14"
"Adama Traore","WOL","M,F","Drop","Athletic de Bapao","","1","Thu Dec 17, 2020, 12:00PM","14"
"Curtis Jones","LIV","M","Claim","SSC Fugazi","0.00","1","Thu Dec 17, 2020, 12:00PM","14"
"Lukasz Fabianski","WHU","G","Drop","SSC Fugazi","","1","Thu Dec 17, 2020, 12:00PM","14"
"Lewis Dunk","BHA","D","Claim","Nimma Koempels","0.00","8","Thu Dec 10, 2020, 12:00PM","12"
"Tom Cairney","FUL","M","Drop","Nimma Koempels","","8","Thu Dec 10, 2020, 12:00PM","12"
"Ademola Lookman","EVE/FUL","M,F","Claim","Sjeeterboys","11.00","7","Thu Dec 10, 2020, 12:00PM","12"
"Daniel Podence","WOL","M,F","Drop","Sjeeterboys","","7","Thu Dec 10, 2020, 12:00PM","12"
"Christian Fuchs","LEI","D","Claim","Nimma Koempels","0.00","4","Thu Dec 10, 2020, 12:00PM","12"
"Scott Dann","CRY","D","Drop","Nimma Koempels","","4","Thu Dec 10, 2020, 12:00PM","12"
"Jonjo Shelvey","NEW","M","Claim","Athletic de Bapao","9.00","4","Thu Dec 10, 2020, 12:00PM","12"
"Matheus Pereira","WBA","M,F","Drop","Athletic de Bapao","","4","Thu Dec 10, 2020, 12:00PM","12"
"Ayoze Perez","LEI","M,F","Claim","Poor Man's Pirlo","3.00","2","Thu Dec 10, 2020, 12:00PM","12"
"Phil Foden","MCI","M,F","Drop","Poor Man's Pirlo","","2","Thu Dec 10, 2020, 12:00PM","12"
"Antonee Robinson","FUL","D,M","Claim","Sjeeterboys","12.00","2","Thu Dec 10, 2020, 12:00PM","12"
"Robin Koch","LEE","D,M","Drop","Sjeeterboys","","2","Thu Dec 10, 2020, 12:00PM","12"
"Willian","ARS","M,F","Claim","Pitch 'n Peuk FC","2.00","2","Thu Dec 10, 2020, 12:00PM","12"
"Tyrone Mings","AVL","D","Drop","Pitch 'n Peuk FC","","2","Thu Dec 10, 2020, 12:00PM","12"
"Oliver McBurnie","SHU","F","Claim","Sjeeterboys","29.00","1","Thu Dec 10, 2020, 12:00PM","12"
"Danny Welbeck","WAT/BHA","F","Drop","Sjeeterboys","","1","Thu Dec 10, 2020, 12:00PM","12"
"Ben Godfrey","NOR/EVE","D,M","Claim","Athletic de Bapao","12.00","1","Thu Dec 10, 2020, 12:00PM","12"
"Lucas Digne","EVE","D,M","Drop","Athletic de Bapao","","1","Thu Dec 10, 2020, 12:00PM","12"
"Serge Aurier","TOT","D,M","Claim","BarcelOna '53","27.00","1","Thu Dec 10, 2020, 12:00PM","12"
"Matt Targett","AVL","D,M","Drop","BarcelOna '53","","1","Thu Dec 10, 2020, 12:00PM","12"
"Stuart Armstrong","SOU","M","Claim","NOAD Athletic","13.00","1","Thu Dec 10, 2020, 12:00PM","12"
"Andros Townsend","CRY","M,F","Drop","NOAD Athletic","","1","Thu Dec 10, 2020, 12:00PM","12"
"Jamal Lewis","NEW","D","Claim","Redford United","0.00","1","Thu Dec 10, 2020, 12:00PM","12"
"Vladimir Coufal","WHU","D,M","Drop","Redford United","","1","Thu Dec 10, 2020, 12:00PM","12"
"Karl Darlow","NEW","G","Claim","Nimma Koempels","0.00","1","Thu Dec 10, 2020, 12:00PM","12"
"Caoimhin Kelleher","LIV","G","Drop","Nimma Koempels","","1","Thu Dec 10, 2020, 12:00PM","12"
"Ferran Torres","MCI","M,F","Claim","Pitch 'n Peuk FC","22.00","1","Thu Dec 10, 2020, 12:00PM","12"
"Virgil van Dijk","LIV","D","Drop","Pitch 'n Peuk FC","","1","Thu Dec 10, 2020, 12:00PM","12"
"Olivier Giroud","CHE","F","Claim","Mövenpickje FC","31.00","1","Thu Dec 10, 2020, 12:00PM","12"
"Aleksandar Mitrovic","FUL","F","Drop","Mövenpickje FC","","1","Thu Dec 10, 2020, 12:00PM","12"
"Scott Dann","CRY","D","Claim","Nimma Koempels","0.00","5","Thu Dec 3, 2020, 12:00PM","11"
"Cesar Azpilicueta","CHE","D,M","Drop","Nimma Koempels","","5","Thu Dec 3, 2020, 12:00PM","11"
"Vladimir Coufal","WHU","D,M","Claim","Redford United","0.00","4","Thu Dec 3, 2020, 12:00PM","11"
"Max Kilman","WOL","D","Drop","Redford United","","4","Thu Dec 3, 2020, 12:00PM","11"
"Cheikhou Kouyate","CRY","D,M","Claim","Athletic de Bapao","7.00","2","Thu Dec 3, 2020, 12:00PM","11"
"Sebastien Haller","WHU","F","Drop","Athletic de Bapao","","2","Thu Dec 3, 2020, 12:00PM","11"
"Moussa Sissoko","TOT","M","Claim","Redford United","0.00","2","Thu Dec 3, 2020, 12:00PM","11"
"Theo Walcott","EVE/SOU","M,F","Drop","Redford United","","2","Thu Dec 3, 2020, 12:00PM","11"
"Matheus Pereira","WBA","M,F","Claim","Athletic de Bapao","23.00","1","Thu Dec 3, 2020, 12:00PM","11"
"Allan Saint-Maximin","NEW","M,F","Drop","Athletic de Bapao","","1","Thu Dec 3, 2020, 12:00PM","11"
"James McArthur","CRY","M","Claim","NOAD Athletic","18.00","1","Thu Dec 3, 2020, 12:00PM","11"
"Jorginho","CHE","M","Drop","NOAD Athletic","","1","Thu Dec 3, 2020, 12:00PM","11"
"Caoimhin Kelleher","LIV","G","Claim","Nimma Koempels","0.00","1","Thu Dec 3, 2020, 12:00PM","11"
"Aaron Ramsdale","SHU","G","Drop","Nimma Koempels","","1","Thu Dec 3, 2020, 12:00PM","11"
"Lukasz Fabianski","WHU","G","Claim","SSC Fugazi","0.00","1","Thu Dec 3, 2020, 12:00PM","11"
"Emiliano Martinez","ARS/AVL","G","Drop","SSC Fugazi","","1","Thu Dec 3, 2020, 12:00PM","11"
"John McGinn","AVL","M","Claim","Redford United","2.00","1","Thu Dec 3, 2020, 12:00PM","11"
"Stuart Armstrong","SOU","M","Drop","Redford United","","1","Thu Dec 3, 2020, 12:00PM","11"
"James Justin","LEI","D,M","Claim","Pitch 'n Peuk FC","25.00","1","Thu Dec 3, 2020, 12:00PM","11"
"Fernandinho","MCI","D,M","Drop","Pitch 'n Peuk FC","","1","Thu Dec 3, 2020, 12:00PM","11"
"Danny Welbeck","WAT/BHA","F","Claim","Sjeeterboys","1.00","1","Thu Dec 3, 2020, 12:00PM","11"
"Ferran Torres","MCI","M,F","Drop","Sjeeterboys","","1","Thu Dec 3, 2020, 12:00PM","11"
"Tom Cairney","FUL","M","Claim","Nimma Koempels","0.00","6","Thu Nov 26, 2020, 12:00PM","10"
"Jarrod Bowen","WHU","M,F","Drop","Nimma Koempels","","6","Thu Nov 26, 2020, 12:00PM","10"
"Daniel Podence","WOL","M,F","Claim","Sjeeterboys","12.00","2","Thu Nov 26, 2020, 12:00PM","10"
"Said Benrahma","WHU","M,F","Drop","Sjeeterboys","","2","Thu Nov 26, 2020, 12:00PM","10"
"Aaron Ramsdale","SHU","G","Claim","Nimma Koempels","0.00","5","Thu Nov 26, 2020, 12:00PM","10"
"Lukasz Fabianski","WHU","G","Drop","Nimma Koempels","","5","Thu Nov 26, 2020, 12:00PM","10"
"Stuart Armstrong","SOU","M","Claim","Redford United","2.00","2","Thu Nov 26, 2020, 12:00PM","10"
"James Justin","LEI","D,M","Drop","Redford United","","2","Thu Nov 26, 2020, 12:00PM","10"
"Sebastien Haller","WHU","F","Claim","Athletic de Bapao","6.00","1","Thu Nov 26, 2020, 12:00PM","10"
"Scott McTominay","MUN","M","Drop","Athletic de Bapao","","1","Thu Nov 26, 2020, 12:00PM","10"
"Theo Walcott","EVE/SOU","M,F","Claim","Redford United","1.00","1","Thu Nov 26, 2020, 12:00PM","10"
"John Lundstram","SHU","M","Drop","Redford United","","1","Thu Nov 26, 2020, 12:00PM","10"
"Yerry Mina","EVE","D","Claim","Nimma Koempels","4.00","1","Thu Nov 26, 2020, 12:00PM","10"
"Nathaniel Phillips","LIV","D","Drop","Nimma Koempels","","1","Thu Nov 26, 2020, 12:00PM","10"
"Darnell Furlong","WBA","D,M","Claim","Mövenpickje FC","5.00","1","Thu Nov 26, 2020, 12:00PM","10"
"Rhys Williams","LIV","D","Drop","Mövenpickje FC","","1","Thu Nov 26, 2020, 12:00PM","10"
"Trézéguet","AVL","M,F","Claim","NOAD Athletic","11.00","1","Thu Nov 26, 2020, 12:00PM","10"
"Tariq Lamptey","BHA","D,M","Drop","NOAD Athletic","","1","Thu Nov 26, 2020, 12:00PM","10"
"Ezri Konsa","AVL","D","Claim","BarcelOna '53","15.00","1","Thu Nov 26, 2020, 12:00PM","10"
"Dan Burn","BHA","D,M","Drop","BarcelOna '53","","1","Thu Nov 26, 2020, 12:00PM","10"
"Tanguy Ndombele","TOT","M,F","Claim","Poor Man's Pirlo","0.00","1","Thu Nov 26, 2020, 12:00PM","10"
"Hélder Costa","LEE","M,F","Drop","Poor Man's Pirlo","","1","Thu Nov 26, 2020, 12:00PM","10"
"Caglar Soyuncu","LEI","D","Claim","Sjeeterboys","32.00","1","Thu Nov 26, 2020, 12:00PM","10"
"Neal Maupay","BHA","F","Drop","Sjeeterboys","","1","Thu Nov 26, 2020, 12:00PM","10"
"Ferran Torres","MCI","M,F","Claim","Sjeeterboys","1.00","2","Thu Nov 19, 2020, 12:00PM","9"
"Willian","ARS","M,F","Drop","Sjeeterboys","","2","Thu Nov 19, 2020, 12:00PM","9"
"Nathaniel Phillips","LIV","D","Claim","Nimma Koempels","0.00","1","Thu Nov 19, 2020, 12:00PM","9"
"Romain Saiss","WOL","D,M","Drop","Nimma Koempels","","1","Thu Nov 19, 2020, 12:00PM","9"
"Adam Webster","BHA","D","Claim","SSC Fugazi","0.00","1","Thu Nov 19, 2020, 12:00PM","9"
"Enda Stevens","SHU","D,M","Drop","SSC Fugazi","","1","Thu Nov 19, 2020, 12:00PM","9"
"Fabian Balbuena","WHU","D","Claim","BarcelOna '53","1.00","1","Thu Nov 19, 2020, 12:00PM","9"
"Seamus Coleman","EVE","D,M","Drop","BarcelOna '53","","1","Thu Nov 19, 2020, 12:00PM","9"
"Vicente Guaita","CRY","G","Claim","NOAD Athletic","18.00","1","Thu Nov 19, 2020, 12:00PM","9"
"Ezri Konsa","AVL","D","Drop","NOAD Athletic","","1","Thu Nov 19, 2020, 12:00PM","9"
"Dan Burn","BHA","D,M","Claim","BarcelOna '53","5.00","6","Thu Nov 12, 2020, 12:00PM","9"
"Adam Webster","BHA","D","Drop","BarcelOna '53","","6","Thu Nov 12, 2020, 12:00PM","9"
"Che Adams","SOU","F","Claim","NOAD Athletic","38.00","3","Thu Nov 12, 2020, 12:00PM","9"
"Chris Wood","BUR","F","Drop","NOAD Athletic","","3","Thu Nov 12, 2020, 12:00PM","9"
"Scott McTominay","MUN","M","Claim","Athletic de Bapao","3.00","5","Thu Nov 12, 2020, 12:00PM","9"
"Pablo Fornals","WHU","M,F","Drop","Athletic de Bapao","","5","Thu Nov 12, 2020, 12:00PM","9"
"Wesley Fofana","LEI","D","Claim","Poor Man's Pirlo","1.00","2","Thu Nov 12, 2020, 12:00PM","9"
"Caglar Soyuncu","LEI","D","Drop","Poor Man's Pirlo","","2","Thu Nov 12, 2020, 12:00PM","9"
"Matt Targett","AVL","D,M","Claim","BarcelOna '53","7.00","3","Thu Nov 12, 2020, 12:00PM","9"
"Joseph Gomez","LIV","D","Drop","BarcelOna '53","","3","Thu Nov 12, 2020, 12:00PM","9"
"Tariq Lamptey","BHA","D,M","Claim","NOAD Athletic","47.00","2","Thu Nov 12, 2020, 12:00PM","9"
"João Moutinho","WOL","M","Drop","NOAD Athletic","","2","Thu Nov 12, 2020, 12:00PM","9"
"James Tarkowski","BUR","D","Claim","Sjeeterboys","52.00","2","Thu Nov 12, 2020, 12:00PM","9"
"Tom Cairney","FUL","M","Drop","Sjeeterboys","","2","Thu Nov 12, 2020, 12:00PM","9"
"Alex McCarthy","SOU","G","Claim","Mövenpickje FC","31.00","1","Thu Nov 12, 2020, 12:00PM","9"
"Aaron Ramsdale","SHU","G","Drop","Mövenpickje FC","","1","Thu Nov 12, 2020, 12:00PM","9"
"Toby Alderweireld","TOT","D","Claim","Poor Man's Pirlo","1.00","1","Thu Nov 12, 2020, 12:00PM","9"
"Granit Xhaka","ARS","D,M","Drop","Poor Man's Pirlo","","1","Thu Nov 12, 2020, 12:00PM","9"
"Mason Holgate","EVE","D","Claim","NOAD Athletic","67.00","1","Thu Nov 12, 2020, 12:00PM","9"
"Yerry Mina","EVE","D","Drop","NOAD Athletic","","1","Thu Nov 12, 2020, 12:00PM","9"
"Pascal Gross","BHA","M,F","Claim","Athletic de Bapao","36.00","1","Thu Nov 12, 2020, 12:00PM","9"
"Oliver McBurnie","SHU","F","Drop","Athletic de Bapao","","1","Thu Nov 12, 2020, 12:00PM","9"
"John Egan","SHU","D","Claim","BarcelOna '53","5.00","5","Thu Nov 5, 2020, 12:00PM","8"
"Dan Burn","BHA","D,M","Drop","BarcelOna '53","","5","Thu Nov 5, 2020, 12:00PM","8"
"Rúben Neves","WOL","M","Claim","Nimma Koempels","2.00","4","Thu Nov 5, 2020, 12:00PM","8"
"James Tarkowski","BUR","D","Drop","Nimma Koempels","","4","Thu Nov 5, 2020, 12:00PM","8"
"Victor Lindelof","MUN","D","Claim","Pitch 'n Peuk FC","55.00","3","Thu Nov 5, 2020, 12:00PM","8"
"Dele Alli","TOT","M,F","Drop","Pitch 'n Peuk FC","","3","Thu Nov 5, 2020, 12:00PM","8"
"Pablo Fornals","WHU","M,F","Claim","Athletic de Bapao","7.00","2","Thu Nov 5, 2020, 12:00PM","8"
"Dani Ceballos","ARS","M","Drop","Athletic de Bapao","","2","Thu Nov 5, 2020, 12:00PM","8"
"Adam Webster","BHA","D","Claim","BarcelOna '53","5.00","3","Thu Nov 5, 2020, 12:00PM","8"
"Joel Ward","CRY","D","Drop","BarcelOna '53","","3","Thu Nov 5, 2020, 12:00PM","8"
"Kieran Tierney","ARS","D,M","Claim","Pitch 'n Peuk FC","20.00","2","Thu Nov 5, 2020, 12:00PM","8"
"Andreas Christensen","CHE","D","Drop","Pitch 'n Peuk FC","","2","Thu Nov 5, 2020, 12:00PM","8"
"Solly March","BHA","M","Claim","SSC Fugazi","0.00","6","Thu Nov 5, 2020, 12:00PM","8"
"Mason Greenwood","MUN","M,F","Drop","SSC Fugazi","","6","Thu Nov 5, 2020, 12:00PM","8"
"Declan Rice","WHU","M","Claim","Nimma Koempels","22.00","3","Thu Nov 5, 2020, 12:00PM","8"
"James McArthur","CRY","M","Drop","Nimma Koempels","","3","Thu Nov 5, 2020, 12:00PM","8"
"Mason Mount","CHE","M,F","Claim","Pitch 'n Peuk FC","73.00","1","Thu Nov 5, 2020, 12:00PM","8"
"Kelechi Iheanacho","LEI","F","Drop","Pitch 'n Peuk FC","","1","Thu Nov 5, 2020, 12:00PM","8"
"Eric Dier","TOT","D,M","Claim","SSC Fugazi","0.00","1","Thu Nov 5, 2020, 12:00PM","8"
"Davinson Sanchez","TOT","D","Drop","SSC Fugazi","","1","Thu Nov 5, 2020, 12:00PM","8"
"Lukasz Fabianski","WHU","G","Claim","Nimma Koempels","0.00","1","Thu Nov 5, 2020, 12:00PM","8"
"Vicente Guaita","CRY","G","Drop","Nimma Koempels","","1","Thu Nov 5, 2020, 12:00PM","8"
"Wilfred Ndidi","LEI","D,M","Claim","BarcelOna '53","7.00","1","Thu Nov 5, 2020, 12:00PM","8"
"Nick Pope","BUR","G","Drop","BarcelOna '53","","1","Thu Nov 5, 2020, 12:00PM","8"
"Aaron Cresswell","WHU","D","Claim","Athletic de Bapao","28.00","7","Thu Oct 29, 2020, 11:00AM","7"
"Kieran Tierney","ARS","D,M","Drop","Athletic de Bapao","","7","Thu Oct 29, 2020, 11:00AM","7"
"Ben Mee","BUR","D","Claim","Athletic de Bapao","34.00","3","Thu Oct 29, 2020, 11:00AM","7"
"Tanguy Ndombele","TOT","M,F","Drop","Athletic de Bapao","","3","Thu Oct 29, 2020, 11:00AM","7"
"Josh Brownhill","BUR","M,F","Claim","Sjeeterboys","12.00","2","Thu Oct 29, 2020, 11:00AM","7"
"Declan Rice","WHU","M","Drop","Sjeeterboys","","2","Thu Oct 29, 2020, 11:00AM","7"
"Pedro Neto","WOL","M,F","Claim","Redford United","16.00","2","Thu Oct 29, 2020, 11:00AM","7"
"Mason Mount","CHE","M,F","Drop","Redford United","","2","Thu Oct 29, 2020, 11:00AM","7"
"Tom Cairney","FUL","M","Claim","Sjeeterboys","12.00","1","Thu Oct 29, 2020, 11:00AM","7"
"Leandro Trossard","BHA","M,F","Drop","Sjeeterboys","","1","Thu Oct 29, 2020, 11:00AM","7"
"Oliver McBurnie","SHU","F","Claim","Athletic de Bapao","38.00","1","Thu Oct 29, 2020, 11:00AM","7"
"Jonjo Shelvey","NEW","M","Drop","Athletic de Bapao","","1","Thu Oct 29, 2020, 11:00AM","7"
"James Justin","LEI","D,M","Claim","Redford United","15.00","1","Thu Oct 29, 2020, 11:00AM","7"
"Nicolas Pepe","ARS","M,F","Drop","Redford United","","1","Thu Oct 29, 2020, 11:00AM","7"
"Rhys Williams","LIV","D","Claim","Mövenpickje FC","1.00","1","Thu Oct 29, 2020, 11:00AM","7"
"Serge Aurier","TOT","D,M","Drop","Mövenpickje FC","","1","Thu Oct 29, 2020, 11:00AM","7"
"Ezri Konsa","AVL","D","Claim","NOAD Athletic","51.00","1","Thu Oct 29, 2020, 11:00AM","7"
"Adam Webster","BHA","D","Drop","NOAD Athletic","","1","Thu Oct 29, 2020, 11:00AM","7"
"Oriol Romeu","SOU","M","Claim","Mövenpickje FC","3.00","3","Thu Oct 22, 2020, 12:00PM","6"
"Callum Robinson","WBA","M,F","Drop","Mövenpickje FC","","3","Thu Oct 22, 2020, 12:00PM","6"
"Serge Aurier","TOT","D,M","Claim","Mövenpickje FC","5.00","2","Thu Oct 22, 2020, 12:00PM","6"
"Rob Holding","ARS","D","Drop","Mövenpickje FC","","2","Thu Oct 22, 2020, 12:00PM","6"
"Matty Cash","AVL","D","Claim","Sjeeterboys","40.00","3","Thu Oct 22, 2020, 12:00PM","6"
"James Justin","LEI","D,M","Drop","Sjeeterboys","","3","Thu Oct 22, 2020, 12:00PM","6"
"Max Kilman","WOL","D","Claim","Redford United","0.00","2","Thu Oct 22, 2020, 12:00PM","6"
"Cheikhou Kouyate","CRY","D,M","Drop","Redford United","","2","Thu Oct 22, 2020, 12:00PM","6"
"Said Benrahma","WHU","M,F","Claim","Sjeeterboys","85.00","1","Thu Oct 22, 2020, 12:00PM","6"
"Rúben Neves","WOL","M","Drop","Sjeeterboys","","1","Thu Oct 22, 2020, 12:00PM","6"
"Dan Burn","BHA","D,M","Claim","BarcelOna '53","1.00","1","Thu Oct 22, 2020, 12:00PM","6"
"Dale Stephens","BHA/BUR","M","Drop","BarcelOna '53","","1","Thu Oct 22, 2020, 12:00PM","6"
"Gabriel Magalhaes","ARS","D","Claim","Mövenpickje FC","11.00","1","Thu Oct 22, 2020, 12:00PM","6"
"Jack Stephens","SOU","D","Drop","Mövenpickje FC","","1","Thu Oct 22, 2020, 12:00PM","6"
"Joel Matip","LIV","D","Claim","Athletic de Bapao","128.00","1","Thu Oct 22, 2020, 12:00PM","6"
"Ben Mee","BUR","D","Drop","Athletic de Bapao","","1","Thu Oct 22, 2020, 12:00PM","6"
"Jack Harrison","LEE","M,F","Claim","Sjeeterboys","1.00","1","Thu Oct 15, 2020, 12:00PM","5"
"Gabriel Magalhaes","ARS","D","Drop","Sjeeterboys","","1","Thu Oct 15, 2020, 12:00PM","5"
"Ben Mee","BUR","D","Claim","Athletic de Bapao","48.00","1","Thu Oct 15, 2020, 12:00PM","5"
"Oliver McBurnie","SHU","F","Drop","Athletic de Bapao","","1","Thu Oct 15, 2020, 12:00PM","5"
"Patrick van Aanholt","CRY","D","Claim","Sjeeterboys","1.00","6","Thu Oct 8, 2020, 12:00PM","5"
"Ben Mee","BUR","D","Drop","Sjeeterboys","","6","Thu Oct 8, 2020, 12:00PM","5"
"Leandro Trossard","BHA","M,F","Claim","Sjeeterboys","2.00","4","Thu Oct 8, 2020, 12:00PM","5"
"Lewis Dunk","BHA","D","Drop","Sjeeterboys","","4","Thu Oct 8, 2020, 12:00PM","5"
"Patrick Bamford","LEE","F","Claim","Redford United","10.00","5","Thu Oct 8, 2020, 12:00PM","5"
"Ayoze Perez","LEI","M,F","Drop","Redford United","","5","Thu Oct 8, 2020, 12:00PM","5"
"Vicente Guaita","CRY","G","Claim","Nimma Koempels","0.00","4","Thu Oct 8, 2020, 12:00PM","5"
"Alex McCarthy","SOU","G","Drop","Nimma Koempels","","4","Thu Oct 8, 2020, 12:00PM","5"
"Emiliano Martinez","ARS/AVL","G","Claim","SSC Fugazi","0.00","2","Thu Oct 8, 2020, 12:00PM","5"
"Jack O'Connell","SHU","D","Drop","SSC Fugazi","","2","Thu Oct 8, 2020, 12:00PM","5"
"Edinson Cavani","MUN","F","Claim","Redford United","175.00","2","Thu Oct 8, 2020, 12:00PM","5"
"Lucas Moura","TOT","M,F","Drop","Redford United","","2","Thu Oct 8, 2020, 12:00PM","5"
"Ollie Watkins","AVL","F","Claim","Mövenpickje FC","202.00","1","Thu Oct 8, 2020, 12:00PM","5"
"Fabio Silva","WOL","F","Drop","Mövenpickje FC","","1","Thu Oct 8, 2020, 12:00PM","5"
"Alex Telles","MUN","D","Claim","Nimma Koempels","308.00","1","Thu Oct 8, 2020, 12:00PM","5"
"Ashley Westwood","BUR","M","Drop","Nimma Koempels","","1","Thu Oct 8, 2020, 12:00PM","5"
"Edouard Mendy","CHE","G","Claim","BarcelOna '53","25.00","1","Thu Oct 8, 2020, 12:00PM","5"
"Ezri Konsa","AVL","D","Drop","BarcelOna '53","","1","Thu Oct 8, 2020, 12:00PM","5"
"Thomas Partey","ARS","M","Claim","Redford United","350.00","1","Thu Oct 8, 2020, 12:00PM","5"
"Jack Harrison","LEE","M,F","Drop","Redford United","","1","Thu Oct 8, 2020, 12:00PM","5"
"Tanguy Ndombele","TOT","M,F","Claim","Athletic de Bapao","77.00","1","Thu Oct 8, 2020, 12:00PM","5"
"Giovani Lo Celso","TOT","M","Drop","Athletic de Bapao","","1","Thu Oct 8, 2020, 12:00PM","5"
"Ben Mee","BUR","D","Claim","Sjeeterboys","0.00","4","Thu Oct 1, 2020, 12:00PM","4"
"Eric Dier","TOT","D,M","Drop","Sjeeterboys","","4","Thu Oct 1, 2020, 12:00PM","4"
"Callum Robinson","WBA","M,F","Claim","Mövenpickje FC","1.00","3","Thu Oct 1, 2020, 12:00PM","4"
"Daniel Podence","WOL","M,F","Drop","Mövenpickje FC","","3","Thu Oct 1, 2020, 12:00PM","4"
"Jannik Vestergaard","SOU","D","Claim","Athletic de Bapao","26.00","5","Thu Oct 1, 2020, 12:00PM","4"
"Matt Targett","AVL","D,M","Drop","Athletic de Bapao","","5","Thu Oct 1, 2020, 12:00PM","4"
"Dale Stephens","BHA/BUR","M","Claim","BarcelOna '53","1.00","3","Thu Oct 1, 2020, 12:00PM","4"
"Bertrand Traore","CHE/AVL","M,F","Drop","BarcelOna '53","","3","Thu Oct 1, 2020, 12:00PM","4"
"Ben White","BHA","D,M","Claim","Mövenpickje FC","1.00","2","Thu Oct 1, 2020, 12:00PM","4"
"Dan Burn","BHA","D,M","Drop","Mövenpickje FC","","2","Thu Oct 1, 2020, 12:00PM","4"
"Andre-Frank Zambo Anguissa","FUL","M","Claim","SSC Fugazi","0.00","2","Thu Oct 1, 2020, 12:00PM","4"
"Gylfi Sigurdsson","EVE","M,F","Drop","SSC Fugazi","","2","Thu Oct 1, 2020, 12:00PM","4"
"Nelson Semedo","WOL","D,M","Claim","Redford United","175.00","2","Thu Oct 1, 2020, 12:00PM","4"
"Ross Barkley","CHE/AVL","M","Claim","Sjeeterboys","55.00","1","Thu Oct 1, 2020, 12:00PM","4"
"Scott McTominay","MUN","M","Drop","Sjeeterboys","","1","Thu Oct 1, 2020, 12:00PM","4"
"Cheikhou Kouyate","CRY","D,M","Claim","Redford United","5.00","3","Thu Oct 1, 2020, 12:00PM","4"
"Ruben Dias","MCI","D","Claim","Poor Man's Pirlo","400.00","1","Thu Oct 1, 2020, 12:00PM","4"
"Marcos Alonso","CHE","D,M","Drop","Poor Man's Pirlo","","1","Thu Oct 1, 2020, 12:00PM","4"
"Alex McCarthy","SOU","G","Claim","Nimma Koempels","0.00","1","Thu Oct 1, 2020, 12:00PM","4"
"Emiliano Martinez","ARS/AVL","G","Drop","Nimma Koempels","","1","Thu Oct 1, 2020, 12:00PM","4"
"Andros Townsend","CRY","M,F","Claim","NOAD Athletic","52.00","1","Thu Oct 1, 2020, 12:00PM","4"
"Wilfred Ndidi","LEI","D,M","Drop","NOAD Athletic","","1","Thu Oct 1, 2020, 12:00PM","4"
"Giovani Lo Celso","TOT","M","Claim","Athletic de Bapao","33.00","1","Thu Oct 1, 2020, 12:00PM","4"
"Dwight McNeil","BUR","M","Drop","Athletic de Bapao","","1","Thu Oct 1, 2020, 12:00PM","4"
"Ezri Konsa","AVL","D","Claim","BarcelOna '53","7.00","14","Thu Sep 24, 2020, 12:00PM","3"
"Yves Bissouma","BHA","M","Drop","BarcelOna '53","","14","Thu Sep 24, 2020, 12:00PM","3"
"Stuart Dallas","LEE","D,M","Claim","Sjeeterboys","15.00","5","Thu Sep 24, 2020, 12:00PM","3"
"Oliver Norwood","SHU","M","Drop","Sjeeterboys","","5","Thu Sep 24, 2020, 12:00PM","3"
"Bertrand Traore","CHE/AVL","M,F","Claim","BarcelOna '53","7.00","10","Thu Sep 24, 2020, 12:00PM","3"
"Antonio Rudiger","CHE","D","Drop","BarcelOna '53","","10","Thu Sep 24, 2020, 12:00PM","3"
"Liam Cooper","LEE","D","Claim","Nimma Koempels","0.00","7","Thu Sep 24, 2020, 12:00PM","3"
"Victor Lindelof","MUN","D","Drop","Nimma Koempels","","7","Thu Sep 24, 2020, 12:00PM","3"
"Scott McTominay","MUN","M","Claim","Sjeeterboys","45.00","3","Thu Sep 24, 2020, 12:00PM","3"
"Nathan Redmond","SOU","M,F","Drop","Sjeeterboys","","3","Thu Sep 24, 2020, 12:00PM","3"
"Jack Stephens","SOU","D","Claim","Mövenpickje FC","11.00","4","Thu Sep 24, 2020, 12:00PM","3"
"John Egan","SHU","D","Drop","Mövenpickje FC","","4","Thu Sep 24, 2020, 12:00PM","3"
"Sergio Reguilon","TOT","D,M","Claim","Nimma Koempels","44.00","4","Thu Sep 24, 2020, 12:00PM","3"
"Toby Alderweireld","TOT","D","Drop","Nimma Koempels","","4","Thu Sep 24, 2020, 12:00PM","3"
"Hélder Costa","LEE","M,F","Claim","Poor Man's Pirlo","5.00","3","Thu Sep 24, 2020, 12:00PM","3"
"Giovani Lo Celso","TOT","M","Drop","Poor Man's Pirlo","","3","Thu Sep 24, 2020, 12:00PM","3"
"Robin Koch","LEE","D,M","Claim","Sjeeterboys","45.00","2","Thu Sep 24, 2020, 12:00PM","3"
"Ben Mee","BUR","D","Drop","Sjeeterboys","","2","Thu Sep 24, 2020, 12:00PM","3"
"Daniel Podence","WOL","M,F","Claim","Mövenpickje FC","1.00","3","Thu Sep 24, 2020, 12:00PM","3"
"William Saliba","ARS","D","Drop","Mövenpickje FC","","3","Thu Sep 24, 2020, 12:00PM","3"
"John Lundstram","SHU","M","Claim","Redford United","0.00","3","Thu Sep 24, 2020, 12:00PM","3"
"Mark Noble","WHU","M","Drop","Redford United","","3","Thu Sep 24, 2020, 12:00PM","3"
"Gareth Bale","TOT","M,F","Claim","SSC Fugazi","486.00","1","Thu Sep 24, 2020, 12:00PM","3"
"Davy Propper","BHA","M","Drop","SSC Fugazi","","1","Thu Sep 24, 2020, 12:00PM","3"
"Thiago Alcântara","LIV","M","Claim","BarcelOna '53","611.00","1","Thu Sep 24, 2020, 12:00PM","3"
"Frederic Guilbert","AVL","D,M","Drop","BarcelOna '53","","1","Thu Sep 24, 2020, 12:00PM","3"
"Emiliano Martinez","ARS/AVL","G","Claim","Nimma Koempels","0.00","1","Thu Sep 24, 2020, 12:00PM","3"
"Karl Darlow","NEW","G","Drop","Nimma Koempels","","1","Thu Sep 24, 2020, 12:00PM","3"
"Conor Coady","WOL","D","Claim","NOAD Athletic","41.00","1","Thu Sep 24, 2020, 12:00PM","3"
"Serge Aurier","TOT","D,M","Drop","NOAD Athletic","","1","Thu Sep 24, 2020, 12:00PM","3"
"Yves Bissouma","BHA","M","Claim","BarcelOna '53","0.00","17","Thu Sep 17, 2020, 12:00PM","2"
"Luka Milivojevic","CRY","M","Drop","BarcelOna '53","","17","Thu Sep 17, 2020, 12:00PM","2"
"Callum Wilson","NEW","F","Claim","Poor Man's Pirlo","5.00","6","Thu Sep 17, 2020, 12:00PM","2"
"Rodrigo","LEE","M,F","Drop","Poor Man's Pirlo","","6","Thu Sep 17, 2020, 12:00PM","2"
"Joel Ward","CRY","D","Claim","BarcelOna '53","30.00","15","Thu Sep 17, 2020, 12:00PM","2"
"David Luiz","ARS","D","Drop","BarcelOna '53","","15","Thu Sep 17, 2020, 12:00PM","2"
"Marcos Alonso","CHE","D,M","Claim","Poor Man's Pirlo","15.00","5","Thu Sep 17, 2020, 12:00PM","2"
"Bukayo Saka","ARS","D,M","Drop","Poor Man's Pirlo","","5","Thu Sep 17, 2020, 12:00PM","2"
"Seamus Coleman","EVE","D,M","Claim","BarcelOna '53","50.00","9","Thu Sep 17, 2020, 12:00PM","2"
"Kepa","CHE","G","Drop","BarcelOna '53","","9","Thu Sep 17, 2020, 12:00PM","2"
"Granit Xhaka","ARS","D,M","Claim","Poor Man's Pirlo","15.00","3","Thu Sep 17, 2020, 12:00PM","2"
"Ross Barkley","CHE/AVL","M","Drop","Poor Man's Pirlo","","3","Thu Sep 17, 2020, 12:00PM","2"
"Victor Lindelof","MUN","D","Claim","Nimma Koempels","0.00","6","Thu Sep 17, 2020, 12:00PM","2"
"Mason Holgate","EVE","D","Drop","Nimma Koempels","","6","Thu Sep 17, 2020, 12:00PM","2"
"Matt Targett","AVL","D,M","Claim","Athletic de Bapao","18.00","4","Thu Sep 17, 2020, 12:00PM","2"
"George Baldock","SHU","D,M","Drop","Athletic de Bapao","","4","Thu Sep 17, 2020, 12:00PM","2"
"Hector Bellerin","ARS","D,M","Claim","Poor Man's Pirlo","50.00","2","Thu Sep 17, 2020, 12:00PM","2"
"Joe Bryan","FUL","D,M","Drop","Poor Man's Pirlo","","2","Thu Sep 17, 2020, 12:00PM","2"
"Jarrod Bowen","WHU","M,F","Claim","Nimma Koempels","17.00","3","Thu Sep 17, 2020, 12:00PM","2"
"Eberechi Eze","CRY","M","Drop","Nimma Koempels","","3","Thu Sep 17, 2020, 12:00PM","2"
"Angelo Ogbonna","WHU","D","Claim","SSC Fugazi","5.00","2","Thu Sep 17, 2020, 12:00PM","2"
"Dale Stephens","BHA/BUR","M","Drop","SSC Fugazi","","2","Thu Sep 17, 2020, 12:00PM","2"
"Lucas Moura","TOT","M,F","Claim","Redford United","75.00","6","Thu Sep 17, 2020, 12:00PM","2"
"Jordan Ayew","CRY","M,F","Drop","Redford United","","6","Thu Sep 17, 2020, 12:00PM","2"
"Allan","EVE","M","Claim","Poor Man's Pirlo","276.00","1","Thu Sep 17, 2020, 12:00PM","2"
"Matheus Pereira","WBA","M,F","Drop","Poor Man's Pirlo","","1","Thu Sep 17, 2020, 12:00PM","2"
"Yerry Mina","EVE","D","Claim","NOAD Athletic","31.00","1","Thu Sep 17, 2020, 12:00PM","2"
"Kalvin Phillips","LEE","M","Claim","BarcelOna '53","100.00","1","Thu Sep 17, 2020, 12:00PM","2"
"Rob Holding","ARS","D","Claim","Mövenpickje FC","71.00","1","Thu Sep 17, 2020, 12:00PM","2"
"Kyle Walker-Peters","SOU","D","Claim","Athletic de Bapao","23.00","1","Thu Sep 17, 2020, 12:00PM","2"
"Aaron Cresswell","WHU","D","Drop","Athletic de Bapao","","1","Thu Sep 17, 2020, 12:00PM","2"
"Jack Harrison","LEE","M,F","Claim","Redford United","85.00","1","Thu Sep 17, 2020, 12:00PM","2"
"Patrick van Aanholt","CRY","D","Drop","Redford United","","1","Thu Sep 17, 2020, 12:00PM","2"
"Andreas Christensen","CHE","D","Claim","Pitch 'n Peuk FC","27.00","1","Thu Sep 17, 2020, 12:00PM","2"
"Karl Darlow","NEW","G","Claim","Nimma Koempels","0.00","1","Thu Sep 17, 2020, 12:00PM","2"
"Vicente Guaita","CRY","G","Drop","Nimma Koempels","","1","Thu Sep 17, 2020, 12:00PM","2"
"Sebastien Haller","WHU","F","Drop","Redford United","","1","Wed Sep 16, 2020, 8:14PM","2"
"Lukasz Fabianski","WHU","G","Drop","Nimma Koempels","","1","Thu Sep 10, 2020, 12:39PM","1"
"Karl Darlow","NEW","G","Drop","Nimma Koempels","","1","Thu Sep 10, 2020, 12:38PM","1"
"Alex McCarthy","SOU","G","Drop","Nimma Koempels","","1","Thu Sep 10, 2020, 12:36PM","1"
"Eberechi Eze","CRY","M","Claim","Nimma Koempels","29.00","13","Thu Sep 10, 2020, 12:00PM","1"
"Joel Matip","LIV","D","Drop","Nimma Koempels","","13","Thu Sep 10, 2020, 12:00PM","1"
"Karl Darlow","NEW","G","Claim","Nimma Koempels","0.00","5","Thu Sep 10, 2020, 12:00PM","1"
"Alex McCarthy","SOU","G","Claim","Nimma Koempels","0.00","3","Thu Sep 10, 2020, 12:00PM","1"
"Lukasz Fabianski","WHU","G","Claim","Nimma Koempels","0.00","2","Thu Sep 10, 2020, 12:00PM","1"
"Vicente Guaita","CRY","G","Claim","Nimma Koempels","0.00","1","Thu Sep 10, 2020, 12:00PM","1"
"Jordan Pickford","EVE","G","Claim","Poor Man's Pirlo","0.00","3","Thu Sep 10, 2020, 12:00PM","1"
"Kepa","CHE","G","Claim","BarcelOna '53","20.00","6","Thu Sep 10, 2020, 12:00PM","1"
"Granit Xhaka","ARS","D,M","Drop","BarcelOna '53","","6","Thu Sep 10, 2020, 12:00PM","1"
"Ben Mee","BUR","D","Claim","Sjeeterboys","0.00","4","Thu Sep 10, 2020, 12:00PM","1"
"Abdoulaye Doucoure","EVE","M","Claim","NOAD Athletic","176.00","2","Thu Sep 10, 2020, 12:00PM","1"
"Marcos Alonso","CHE","D,M","Drop","NOAD Athletic","","2","Thu Sep 10, 2020, 12:00PM","1"
"Frederic Guilbert","AVL","D,M","Claim","BarcelOna '53","0.00","4","Thu Sep 10, 2020, 12:00PM","1"
"Victor Lindelof","MUN","D","Drop","BarcelOna '53","","4","Thu Sep 10, 2020, 12:00PM","1"
"Timothy Castagne","LEI","D,M","Claim","SSC Fugazi","124.00","2","Thu Sep 10, 2020, 12:00PM","1"
"Fabio Silva","WOL","F","Claim","Mövenpickje FC","91.00","3","Thu Sep 10, 2020, 12:00PM","1"
"Pablo Hernández","LEE","M","Drop","Mövenpickje FC","","3","Thu Sep 10, 2020, 12:00PM","1"
"Dani Ceballos","ARS","M","Claim","Athletic de Bapao","118.00","1","Thu Sep 10, 2020, 12:00PM","1"
"James Rodriguez","EVE","M,F","Claim","Nimma Koempels","436.00","7","Thu Sep 10, 2020, 12:00PM","1"
"Jarrod Bowen","WHU","M,F","Drop","Nimma Koempels","","7","Thu Sep 10, 2020, 12:00PM","1"
"Kai Havertz","CHE","M,F","Claim","SSC Fugazi","385.00","1","Thu Sep 10, 2020, 12:00PM","1"
"Jonny","WOL","D,M","Drop","SSC Fugazi","","1","Thu Sep 10, 2020, 12:00PM","1"
"Marcos Alonso","CHE","D,M","Claim","NOAD Athletic","0.00","1","Tue Sep 8, 2020, 7:56PM","1"
"Marcos Alonso","CHE","D,M","Drop","NOAD Athletic","","1","Tue Sep 8, 2020, 6:53PM","1"
